1750,585,976,50,"1357, 50, 683","124, 135, 559","319, 308, 595","1321, 414, 686","444, 470, 195","400, 124, 350","493, 477, 785","69, 11, 124","1, 251, 173","630, 320, 712","831, 175, 852","572, 443, 836","1350, 513, 899","1729, 240, 348","1189, 117, 325","664, 452, 353","1148, 296, 10","895, 7, 325","1628, 479, 973","1540, 337, 856","977, 480, 394","325, 419, 736","139, 505, 698","1366, 274, 718","1341, 95, 753","171, 473, 915","1340, 13, 51","173, 18, 161","558, 239, 716","977, 98, 271","1029, 281, 145","400, 474, 764","233, 572, 220","909, 487, 428","1047, 466, 36","515, 332, 283","858, 172, 153","1328, 416, 427","1593, 256, 70","1320, 235, 934","1250, 485, 494","230, 552, 527","148, 444, 391","930, 362, 883","854, 150, 24","433, 378, 158","1025, 83, 12","1734, 369, 395","1226, 44, 884","1534, 38, 541"
1658,1352,446,50,"1063, 400, 124","533, 530, 117","1472, 186, 172","224, 1037, 273","1326, 41, 293","660, 1202, 309","1042, 691, 58","411, 822, 133","451, 1327, 153","253, 1233, 352","792, 805, 239","908, 192, 137","1105, 1285, 252","543, 486, 144","1468, 627, 198","38, 148, 277","1297, 531, 296","794, 167, 408","616, 172, 37","145, 1162, 240","1501, 1158, 122","885, 823, 71","1274, 802, 27","666, 270, 22","635, 22, 145","879, 748, 81","860, 1226, 198","553, 645, 165","1242, 883, 417","59, 837, 39","602, 607, 215","750, 1150, 363","31, 387, 15","1222, 704, 434","327, 227, 90","787, 1181, 217","586, 451, 275","196, 1304, 333","1003, 988, 159","552, 625, 223","194, 1288, 373","1242, 1260, 65","942, 518, 198","583, 166, 395","1218, 666, 443","883, 1245, 205","396, 19, 14","300, 149, 209","643, 870, 171","10, 192, 263"
1740,344,1666,50,"545, 323, 1219","1273, 35, 792","827, 174, 571","320, 187, 985","937, 215, 973","1591, 90, 1274","1730, 210, 31","589, 126, 708","1735, 282, 114","1336, 143, 359","1520, 30, 137","885, 329, 1567","1417, 334, 908","1158, 221, 575","1369, 265, 1658","423, 229, 803","593, 266, 1375","34, 28, 899","870, 32, 841","1593, 294, 764","978, 152, 1351","195, 129, 670","1131, 78, 159","135, 329, 131","544, 339, 1194","1496, 23, 512","947, 228, 1104","1672, 191, 512","1362, 46, 613","1584, 241, 962","262, 188, 170","149, 97, 443","198, 311, 307","49, 259, 775","30, 241, 621","427, 57, 151","720, 266, 1313","1070, 196, 460","865, 305, 145","668, 81, 562","380, 266, 1660","1331, 234, 1583","842, 91, 3","1503, 124, 51","982, 34, 367","276, 42, 455","567, 43, 297","829, 199, 1280","476, 177, 851","1104, 75, 1327"
1726,1686,343,50,"1547, 618, 110","466, 451, 46","681, 625, 146","434, 381, 272","828, 1244, 189","893, 1398, 48","1321, 180, 101","1594, 1514, 117","780, 791, 225","985, 1328, 269","1686, 128, 159","860, 82, 172","1586, 519, 244","929, 485, 145","1272, 971, 235","121, 1146, 324","269, 1471, 258","604, 1133, 21","279, 1544, 107","315, 877, 290","72, 557, 47","1397, 480, 10","1472, 1007, 180","12, 62, 333","1024, 489, 97","41, 143, 79","850, 675, 111","1308, 1069, 84","1613, 714, 320","1386, 105, 160","1351, 203, 187","1626, 582, 95","1153, 88, 60","584, 1104, 293","1071, 1648, 267","795, 950, 117","733, 933, 167","1097, 921, 314","91, 1503, 12","102, 792, 130","1274, 163, 340","1595, 1076, 332","1185, 943, 312","476, 365, 72","1533, 647, 148","492, 1614, 252","955, 1036, 341","347, 511, 310","326, 924, 339","484, 756, 40"
900,1499,741,50,"669, 806, 168","668, 434, 521","271, 445, 198","833, 1292, 265","738, 852, 540","162, 1262, 163","160, 889, 403","263, 753, 494","731, 190, 256","336, 994, 403","131, 1114, 248","414, 359, 697","77, 1014, 388","597, 897, 551","38, 1034, 66","469, 218, 527","565, 1323, 37","266, 640, 508","550, 868, 181","430, 785, 199","484, 718, 618","863, 189, 198","841, 1303, 296","174, 529, 480","440, 1210, 636","117, 833, 140","719, 1441, 18","121, 931, 503","416, 613, 717","777, 784, 252","52, 973, 558","593, 1093, 167","513, 1131, 370","635, 14, 124","131, 1173, 127","297, 127, 516","147, 548, 272","827, 834, 406","435, 628, 531","433, 511, 37","861, 316, 281","68, 910, 205","900, 920, 414","804, 465, 360","693, 1075, 697","798, 603, 496","783, 316, 596","785, 1355, 312","652, 188, 450","459, 941, 733"
1202,439,1813,50,"1178, 121, 578","1117, 196, 440","219, 109, 769","869, 313, 1794","735, 149, 1187","338, 158, 1240","30, 197, 69","1118, 315, 393","1019, 240, 712","270, 126, 1504","142, 202, 1789","848, 107, 534","1132, 396, 1045","1188, 103, 1682","320, 303, 89","783, 383, 587","901, 317, 1371","976, 286, 1717","473, 258, 686","1058, 431, 1193","353, 230, 1600","931, 394, 1511","261, 354, 1111","362, 86, 533","404, 250, 1605","433, 42, 19","190, 224, 1369","1160, 138, 200","1103, 428, 1273","3, 439, 1750","113, 180, 1511","579, 217, 1483","801, 425, 216","618, 409, 702","1166, 234, 31","371, 280, 1716","692, 414, 287","239, 362, 1269","286, 379, 836","1186, 31, 1744","1151, 93, 1107","1156, 152, 1328","357, 51, 1322","646, 117, 1174","938, 218, 808","134, 306, 1246","1158, 85, 1303","1194, 414, 433","905, 327, 486","820, 167, 805"
1163,1077,798,50,"1053, 70, 660","616, 862, 306","529, 615, 707","294, 1067, 520","1115, 467, 206","644, 925, 152","640, 46, 460","619, 882, 16","927, 370, 381","1130, 38, 579","842, 82, 266","1134, 173, 224","525, 908, 328","578, 1010, 543","610, 879, 306","1021, 397, 788","509, 187, 403","436, 793, 279","466, 1038, 48","330, 919, 762","1112, 282, 93","775, 131, 717","908, 299, 687","548, 61, 525","92, 786, 547","111, 20, 429","747, 809, 560","425, 629, 167","287, 828, 759","751, 273, 739","204, 496, 309","637, 449, 50","1058, 55, 28","821, 105, 703","108, 791, 154","612, 186, 455","324, 576, 780","1108, 555, 109","261, 59, 694","749, 897, 268","872, 328, 519","805, 439, 598","602, 287, 226","949, 564, 7","20, 793, 343","323, 1011, 400","1083, 929, 568","987, 529, 371","319, 769, 90","530, 64, 198"
534,1040,1799,50,"482, 347, 614","199, 218, 1792","194, 295, 225","475, 203, 783","534, 743, 922","406, 378, 1032","488, 961, 56","258, 345, 659","374, 644, 176","121, 956, 1691","247, 381, 869","53, 637, 1313","302, 1000, 586","40, 571, 223","404, 676, 98","511, 219, 1283","226, 628, 771","254, 644, 1279","532, 809, 691","368, 209, 1057","289, 222, 751","67, 101, 764","343, 323, 585","100, 509, 565","395, 800, 584","8, 780, 1127","229, 29, 1164","519, 147, 587","14, 213, 1652","85, 722, 1490","304, 144, 1635","332, 17, 1696","284, 587, 407","330, 428, 1663","479, 634, 457","434, 201, 709","485, 1019, 1412","420, 949, 62","395, 880, 1549","260, 1026, 1088","295, 620, 1448","496, 17, 486","29, 646, 1008","392, 916, 546","288, 77, 1455","499, 394, 887","368, 263, 189","337, 214, 1044","507, 170, 1512","365, 88, 1370"
1565,975,655,50,"1520, 792, 197","629, 745, 644","379, 378, 328","1429, 274, 426","1152, 127, 249","626, 814, 116","903, 383, 335","1135, 491, 128","1494, 79, 389","840, 614, 220","1451, 470, 615","918, 704, 357","369, 573, 458","407, 467, 157","1409, 732, 261","485, 626, 47","821, 484, 62","142, 665, 139","832, 419, 316","1564, 36, 382","1303, 825, 381","64, 797, 314","1560, 373, 557","803, 205, 538","96, 692, 570","113, 96, 209","394, 313, 612","383, 974, 24","88, 678, 414","454, 966, 647","1356, 468, 507","1187, 813, 634","281, 693, 86","521, 949, 75","873, 451, 328","1079, 534, 595","811, 662, 23","423, 901, 219","422, 518, 151","1142, 768, 646","222, 444, 21","1390, 604, 41","76, 263, 473","898, 330, 431","1123, 970, 476","1330, 369, 482","1283, 710, 302","1273, 658, 309","208, 720, 362","1357, 220, 62"
1144,520,1680,50,"920, 412, 1252","313, 212, 859","114, 204, 1026","1056, 306, 1364","55, 286, 854","755, 265, 543","58, 509, 294","1137, 100, 1298","463, 444, 1111","688, 507, 1576","551, 293, 1624","1103, 513, 1526","764, 84, 571","671, 258, 63","878, 496, 943","711, 52, 1543","564, 258, 956","1064, 23, 932","763, 446, 442","1137, 340, 572","541, 297, 1216","429, 166, 55","761, 12, 559","309, 120, 601","968, 136, 1038","177, 179, 732","984, 17, 839","20, 19, 622","52, 520, 1255","987, 14, 947","673, 80, 1492","159, 304, 884","1087, 208, 1608","967, 352, 570","213, 95, 450","623, 287, 1165","999, 465, 1652","762, 359, 248","644, 251, 898","865, 278, 1342","831, 60, 903","24, 61, 144","802, 509, 430","149, 491, 483","636, 469, 1470","516, 219, 679","821, 494, 1135","850, 6, 808","222, 171, 1338","635, 245, 843"
1701,1292,455,50,"1064, 1046, 379","1641, 415, 235","261, 1222, 396","397, 342, 239","1469, 1004, 251","835, 316, 120","1535, 16, 440","1252, 812, 406","723, 300, 434","773, 993, 259","877, 160, 225","1498, 1191, 359","1101, 1197, 250","1472, 1112, 296","1252, 492, 273","873, 450, 427","1182, 539, 38","497, 1218, 336","746, 1171, 202","974, 1215, 190","1500, 675, 349","1555, 168, 132","1173, 1006, 133","990, 334, 421","248, 348, 208","242, 857, 10","1620, 298, 435","1673, 549, 70","948, 1217, 9","1453, 210, 395","512, 994, 8","255, 1216, 183","1055, 545, 414","309, 1142, 211","494, 357, 450","1074, 563, 349","527, 1244, 348","1542, 120, 146","807, 1058, 216","511, 728, 318","1433, 1279, 175","523, 931, 81","1554, 323, 433","169, 78, 446","561, 326, 201","362, 473, 83","1418, 1288, 422","1362, 1155, 449","902, 1146, 234","900, 1183, 411"
1779,298,1886,50,"919, 127, 840","1516, 110, 120","1029, 34, 1615","1704, 79, 656","1634, 294, 865","504, 8, 495","591, 98, 140","1568, 193, 640","1275, 214, 661","1404, 177, 461","1410, 173, 91","735, 274, 1573","149, 108, 1015","830, 151, 200","1080, 231, 1295","366, 162, 163","749, 119, 243","1275, 109, 1411","974, 23, 1758","136, 171, 424","618, 260, 1404","1077, 62, 1398","926, 281, 1132","1521, 107, 297","163, 47, 1173","1474, 119, 604","1489, 59, 342","1349, 147, 1184","256, 246, 1650","704, 175, 546","1574, 274, 117","950, 12, 1485","90, 9, 499","282, 129, 904","323, 291, 863","119, 21, 1516","763, 298, 233","1323, 258, 806","761, 108, 908","393, 191, 492","456, 189, 1781","785, 55, 45","906, 128, 1170","68, 21, 1407","1384, 51, 1205","1027, 224, 953","122, 58, 88","1105, 97, 1230","1273, 70, 1503","547, 238, 64"
1133,1335,692,50,"1001, 37, 280","666, 402, 156","1105, 256, 271","904, 172, 503","482, 475, 507","72, 1312, 632","549, 1039, 79","403, 479, 676","553, 79, 445","978, 1067, 363","834, 121, 202","756, 67, 353","309, 549, 513","651, 1096, 8","344, 1053, 24","150, 861, 632","538, 584, 569","472, 290, 66","507, 810, 509","490, 712, 637","306, 756, 584","465, 415, 188","855, 660, 574","437, 22, 197","303, 814, 242","892, 1045, 538","552, 243, 138","207, 1175, 411","984, 752, 41","58, 308, 200","232, 277, 464","1088, 199, 416","609, 703, 136","785, 241, 95","725, 1182, 407","1119, 1103, 588","962, 1303, 575","512, 635, 180","1054, 357, 198","226, 462, 163","24, 896, 409","898, 150, 217","772, 861, 498","551, 1274, 253","546, 1137, 460","32, 287, 474","1097, 1160, 97","755, 372, 402","707, 119, 59","28, 558, 324"
319,1755,1782,50,"68, 256, 1643","9, 194, 417","220, 1488, 1653","297, 1101, 1324","220, 805, 1272","261, 376, 231","201, 1080, 731","103, 687, 1618","240, 588, 1324","178, 698, 679","131, 1661, 705","277, 797, 639","173, 908, 1570","307, 1748, 644","64, 1066, 1046","37, 231, 972","184, 1016, 409","81, 492, 562","5, 67, 642","83, 570, 1208","251, 1654, 981","316, 30, 1085","146, 603, 1433","120, 890, 106","36, 762, 297","151, 378, 1066","205, 975, 922","215, 1389, 1220","129, 569, 350","187, 372, 196","241, 1416, 1225","35, 533, 1515","301, 871, 745","15, 1028, 430","53, 817, 299","286, 232, 873","221, 1651, 1043","90, 790, 756","287, 1409, 1596","31, 1748, 235","160, 413, 1760","22, 285, 491","61, 766, 208","314, 1373, 1173","234, 1457, 10","311, 739, 241","203, 1514, 480","294, 1319, 170","132, 1518, 773","257, 1180, 280"
836,1738,688,50,"73, 508, 474","703, 186, 37","766, 860, 553","131, 593, 500","345, 1503, 211","612, 1438, 149","779, 1070, 364","714, 1467, 554","170, 723, 463","473, 809, 176","178, 578, 380","85, 748, 384","121, 853, 124","557, 145, 232","239, 46, 559","299, 1148, 349","657, 1359, 465","771, 1660, 491","779, 1001, 585","459, 1703, 554","439, 1466, 603","382, 939, 284","771, 181, 391","40, 1072, 478","245, 1109, 478","794, 155, 264","118, 692, 13","3, 609, 366","245, 241, 177","810, 1514, 94","142, 614, 362","164, 604, 105","166, 1725, 222","302, 905, 609","178, 1036, 317","193, 1050, 105","707, 614, 509","69, 986, 17","460, 374, 298","539, 1270, 174","286, 722, 452","785, 162, 78","462, 1597, 262","40, 341, 572","19, 1474, 278","95, 1093, 484","411, 1027, 84","590, 430, 300","42, 797, 173","502, 558, 362"
1103,1282,707,50,"1080, 203, 529","865, 784, 636","913, 14, 600","789, 742, 344","441, 773, 261","184, 1249, 570","313, 781, 608","945, 413, 469","111, 1069, 436","830, 357, 170","836, 1156, 600","733, 352, 683","974, 1168, 674","677, 14, 498","584, 30, 449","753, 969, 212","4, 427, 489","13, 960, 161","739, 1252, 640","898, 122, 651","1098, 90, 17","594, 1120, 537","367, 1085, 433","800, 1141, 6","667, 92, 224","788, 1030, 607","924, 870, 674","338, 536, 213","726, 714, 57","740, 973, 190","309, 267, 575","87, 600, 21","1101, 926, 576","555, 681, 225","844, 432, 604","551, 443, 611","402, 672, 530","422, 684, 141","628, 169, 691","56, 542, 390","435, 20, 296","210, 414, 394","473, 29, 366","755, 1233, 247","1015, 954, 352","541, 136, 335","635, 1107, 374","993, 296, 659","1022, 46, 552","864, 828, 311"
1108,468,1927,50,"61, 201, 1781","1048, 352, 283","440, 353, 1218","835, 395, 433","974, 166, 239","920, 240, 156","213, 260, 1501","353, 409, 358","447, 308, 1478","722, 42, 846","825, 357, 255","150, 353, 337","954, 228, 296","326, 270, 736","433, 93, 427","1066, 407, 762","218, 440, 1823","705, 311, 486","585, 450, 1783","451, 306, 405","522, 379, 279","1026, 449, 959","785, 152, 456","277, 159, 205","16, 436, 1612","1033, 74, 1391","16, 203, 1253","697, 297, 1361","589, 109, 146","350, 361, 74","316, 270, 227","774, 47, 1715","591, 236, 13","40, 80, 323","533, 258, 876","197, 281, 1377","498, 30, 408","853, 458, 101","1014, 63, 175","224, 22, 169","92, 97, 1082","199, 186, 937","587, 234, 1436","289, 395, 354","635, 400, 1046","721, 364, 521","897, 400, 116","697, 36, 1112","981, 173, 1439","420, 169, 29"
1663,346,1735,50,"943, 224, 10","668, 298, 1218","1420, 203, 337","867, 295, 338","1528, 103, 1554","1438, 94, 292","550, 163, 407","443, 52, 1516","1201, 243, 782","132, 315, 681","232, 323, 317","412, 111, 999","1546, 345, 879","226, 146, 1683","1038, 301, 591","693, 74, 735","301, 41, 734","1570, 197, 1440","754, 197, 939","1271, 128, 574","1374, 192, 228","579, 261, 1561","1164, 38, 1005","969, 159, 1678","1275, 213, 14","1539, 246, 851","737, 235, 1219","1278, 148, 1567","495, 58, 25","1016, 111, 433","1027, 119, 74","79, 105, 648","515, 70, 865","1343, 76, 1074","1224, 67, 1729","330, 23, 1103","358, 107, 1440","535, 6, 1369","1060, 159, 1369","648, 104, 590","1277, 94, 1318","2, 248, 1627","736, 244, 229","1267, 219, 878","791, 54, 31","701, 312, 465","1447, 228, 180","1495, 34, 628","866, 265, 1732","1610, 149, 59"
1659,408,1477,50,"1567, 15, 1376","942, 342, 46","348, 378, 329","633, 347, 180","1633, 406, 589","85, 398, 969","358, 265, 890","708, 189, 156","1307, 263, 570","393, 403, 1088","1622, 137, 772","1309, 355, 678","1066, 71, 610","898, 396, 360","1478, 44, 870","1082, 393, 1124","1451, 63, 1003","751, 343, 401","938, 376, 625","283, 307, 757","990, 110, 435","790, 161, 841","881, 358, 823","290, 58, 626","612, 309, 945","1341, 2, 523","1280, 136, 920","1576, 178, 556","245, 405, 1192","1027, 127, 907","1459, 151, 87","254, 163, 208","792, 382, 834","1060, 108, 1372","932, 42, 749","434, 34, 897","1593, 274, 406","415, 197, 680","1421, 122, 285","1553, 323, 520","1133, 47, 380","1146, 216, 235","326, 314, 1393","1506, 78, 100","660, 42, 1309","583, 370, 1407","621, 267, 674","1480, 299, 1300","831, 190, 256","213, 404, 1445"
864,1353,855,50,"335, 164, 471","267, 908, 315","278, 1, 582","671, 965, 711","851, 887, 844","559, 749, 433","666, 1038, 600","209, 1236, 696","851, 55, 186","648, 115, 158","564, 1216, 573","326, 526, 782","453, 722, 506","729, 82, 108","202, 936, 322","293, 13, 282","625, 748, 715","73, 962, 473","775, 677, 842","157, 145, 432","63, 945, 836","568, 1163, 568","541, 1130, 35","456, 146, 841","591, 881, 265","744, 533, 767","435, 1218, 841","260, 255, 511","660, 507, 268","653, 557, 818","35, 151, 404","854, 271, 213","706, 428, 110","283, 852, 734","803, 1234, 842","100, 847, 506","299, 1013, 207","82, 1101, 182","76, 190, 428","87, 569, 462","81, 316, 67","625, 600, 830","543, 666, 837","402, 203, 565","381, 55, 48","476, 221, 40","651, 705, 633","379, 76, 849","86, 1092, 493","275, 635, 159"
1544,1829,354,50,"1460, 1613, 77","301, 1531, 236","736, 621, 315","18, 704, 34","120, 1196, 343","927, 1774, 268","946, 1287, 342","109, 592, 112","1260, 1258, 48","1285, 1283, 263","505, 534, 112","229, 1695, 130","960, 535, 196","395, 1771, 320","125, 1474, 29","1236, 1337, 72","365, 401, 71","187, 28, 235","474, 1788, 48","670, 1259, 159","1352, 1330, 64","1198, 1230, 150","1121, 1780, 267","882, 574, 314","283, 582, 219","192, 1522, 117","1310, 1660, 141","217, 929, 309","52, 1546, 254","259, 1681, 330","1130, 1222, 230","628, 800, 64","1251, 605, 20","1260, 585, 133","268, 1473, 249","251, 103, 34","484, 818, 15","1156, 1182, 292","1, 1463, 264","688, 891, 198","1406, 1776, 6","1327, 339, 269","1501, 892, 166","362, 1695, 92","887, 1082, 40","408, 1655, 347","589, 723, 335","102, 287, 180","1197, 1303, 246","117, 276, 264"
1714,330,1767,50,"1237, 287, 1587","515, 84, 407","1481, 30, 893","1447, 227, 1712","1441, 3, 514","917, 115, 641","1174, 153, 998","942, 245, 1580","233, 93, 434","819, 228, 898","1181, 199, 244","938, 89, 350","649, 228, 292","126, 188, 71","1208, 131, 756","831, 252, 528","221, 262, 1291","1456, 231, 1067","460, 163, 287","1283, 306, 989","598, 18, 1388","1425, 137, 1208","560, 296, 349","421, 61, 1762","1548, 15, 574","781, 63, 1296","761, 37, 1244","684, 4, 665","334, 209, 1128","1477, 20, 186","1184, 31, 74","1366, 193, 1626","1033, 53, 1695","548, 102, 1275","225, 297, 675","10, 45, 1350","1431, 47, 43","1427, 153, 372","877, 173, 1172","649, 200, 432","1618, 33, 543","15, 311, 861","1349, 179, 747","375, 255, 1539","1176, 289, 1044","191, 314, 1728","427, 1, 1284","535, 256, 1153","738, 68, 1240","1483, 288, 1371"
753,1187,1118,50,"196, 783, 1079","407, 1138, 836","75, 251, 656","19, 379, 445","275, 469, 699","539, 597, 270","421, 538, 599","12, 690, 868","403, 969, 300","313, 278, 614","359, 719, 1052","236, 545, 100","22, 63, 837","617, 294, 1036","13, 1068, 515","473, 874, 825","529, 396, 116","313, 1176, 378","362, 464, 182","522, 93, 849","452, 963, 450","82, 1061, 582","151, 386, 450","669, 1122, 141","341, 190, 36","506, 764, 625","459, 495, 910","560, 343, 157","567, 1184, 185","433, 448, 849","82, 1053, 245","119, 415, 115","348, 694, 331","337, 605, 416","494, 673, 719","743, 708, 231","326, 649, 1117","561, 1092, 14","158, 702, 929","214, 773, 1050","735, 330, 413","679, 811, 287","402, 877, 760","714, 692, 629","32, 646, 143","662, 1004, 993","454, 1001, 619","52, 318, 935","60, 322, 873","659, 40, 390"
1944,603,853,50,"1917, 532, 292","621, 27, 13","1048, 354, 90","1488, 332, 164","1796, 564, 676","1702, 30, 459","1211, 83, 528","1915, 507, 682","1149, 467, 722","1569, 245, 667","1008, 531, 845","23, 223, 520","1832, 60, 138","1823, 362, 543","19, 245, 267","1113, 113, 706","1108, 316, 533","1426, 31, 696","1731, 51, 345","348, 342, 486","854, 145, 823","19, 67, 174","46, 575, 184","387, 239, 723","1611, 59, 360","1497, 409, 148","826, 467, 127","118, 593, 223","1876, 554, 549","248, 106, 655","1918, 351, 655","1534, 178, 413","1113, 82, 486","252, 242, 73","999, 360, 641","93, 369, 738","1909, 186, 207","1329, 164, 384","255, 585, 626","1271, 156, 782","1889, 202, 166","968, 428, 451","1033, 274, 705","790, 70, 150","1885, 601, 98","1216, 174, 251","152, 452, 512","1157, 76, 201","552, 355, 151","766, 136, 403"
1039,1779,541,50,"353, 1754, 276","663, 986, 30","457, 811, 407","74, 566, 284","308, 18, 138","766, 206, 263","24, 1068, 170","829, 252, 276","172, 936, 10","857, 1293, 109","861, 1465, 218","551, 910, 531","33, 581, 144","759, 1128, 516","289, 1437, 176","871, 340, 95","773, 531, 243","582, 283, 421","153, 1663, 393","996, 37, 208","422, 1301, 517","991, 1683, 337","188, 981, 163","733, 1427, 336","607, 112, 277","431, 1438, 58","260, 1540, 535","368, 1735, 24","481, 1109, 12","659, 308, 219","129, 16, 516","194, 1434, 183","130, 906, 61","524, 1441, 289","862, 1395, 185","250, 474, 160","706, 710, 511","297, 1338, 530","309, 452, 215","880, 1549, 237","361, 84, 463","544, 961, 348","184, 950, 289","235, 1614, 2","38, 1423, 229","396, 1193, 310","154, 1309, 104","82, 303, 508","492, 598, 223","457, 433, 372"
1990,957,525,50,"1985, 935, 72","207, 452, 448","1136, 782, 89","970, 175, 192","1588, 450, 300","837, 96, 499","1156, 23, 196","1290, 261, 493","784, 221, 85","1725, 840, 305","453, 553, 508","839, 289, 17","544, 575, 352","694, 608, 153","799, 327, 348","243, 498, 394","979, 752, 353","413, 823, 496","78, 96, 454","1876, 562, 295","1216, 343, 337","182, 217, 417","1206, 538, 313","826, 931, 474","1050, 655, 159","245, 358, 418","372, 194, 28","265, 528, 171","1242, 333, 229","481, 225, 262","1331, 71, 136","1405, 929, 179","1027, 564, 169","1390, 541, 145","429, 804, 319","1514, 768, 361","1551, 159, 267","831, 12, 258","359, 327, 493","10, 361, 478","392, 215, 74","1698, 751, 229","995, 223, 364","1352, 813, 207","1690, 706, 123","1952, 929, 74","1718, 873, 41","848, 945, 200","1769, 590, 511","1447, 42, 153"
1981,1919,263,50,"1689, 1413, 261","21, 1372, 192","636, 240, 46","1628, 1803, 43","1712, 967, 253","461, 463, 126","1121, 896, 44","841, 1722, 51","1040, 422, 95","1450, 1684, 12","911, 740, 87","1074, 1608, 155","394, 1205, 221","1304, 810, 92","357, 1321, 112","831, 1385, 143","9, 751, 109","640, 70, 32","1089, 1919, 138","683, 1126, 32","166, 1129, 69","1792, 1530, 22","1939, 239, 175","1020, 67, 166","1626, 1870, 188","718, 771, 237","1120, 881, 222","83, 1206, 151","42, 1677, 246","377, 1176, 240","229, 1063, 113","720, 360, 58","1523, 1445, 64","980, 968, 208","1778, 340, 51","1478, 1124, 58","1818, 1208, 250","1832, 1057, 42","766, 413, 58","400, 654, 257","1934, 353, 59","1048, 1007, 66","1019, 1305, 179","1247, 128, 246","1912, 592, 213","1823, 1055, 228","316, 1753, 120","1315, 1528, 182","1209, 939, 128","41, 875, 242"
1580,407,1555,50,"525, 136, 1220","8, 155, 74","1182, 118, 608","1142, 78, 820","112, 287, 89","566, 211, 1334","1128, 159, 647","1007, 378, 1470","1433, 242, 205","406, 89, 528","1204, 358, 350","515, 203, 1371","1119, 357, 106","594, 61, 836","1051, 369, 505","1198, 81, 334","864, 249, 1052","802, 78, 442","1274, 164, 1506","446, 355, 1119","319, 217, 173","1105, 236, 571","1322, 276, 1526","1211, 153, 657","401, 371, 282","1507, 184, 1061","881, 4, 932","919, 90, 680","767, 297, 418","398, 100, 1249","326, 384, 66","303, 145, 722","305, 280, 246","900, 404, 1042","1320, 241, 1399","672, 203, 1014","725, 345, 804","974, 138, 1237","824, 122, 1421","369, 98, 1334","719, 96, 959","1458, 15, 1242","238, 305, 1344","1025, 186, 339","1253, 136, 123","483, 184, 403","1451, 147, 1330","259, 174, 218","944, 282, 699","1230, 68, 10"
716,1544,904,50,"560, 1335, 401","239, 1515, 585","224, 13, 593","31, 1178, 627","698, 947, 128","369, 1307, 598","70, 1099, 433","194, 482, 465","360, 634, 3","703, 535, 236","655, 752, 657","336, 894, 532","418, 552, 863","511, 128, 876","122, 69, 324","477, 76, 751","685, 565, 894","636, 418, 225","45, 790, 845","119, 1099, 39","692, 376, 127","17, 1193, 826","591, 421, 671","307, 339, 812","579, 495, 555","652, 985, 799","49, 822, 355","351, 537, 547","361, 589, 890","388, 371, 452","254, 675, 91","509, 350, 171","295, 529, 516","592, 1467, 62","678, 1308, 542","451, 1376, 842","303, 281, 83","322, 374, 168","37, 1341, 884","659, 1321, 643","595, 1017, 470","563, 376, 153","17, 1228, 368","409, 156, 255","70, 3, 298","572, 691, 837","198, 566, 244","255, 903, 189","465, 771, 370","415, 747, 413"
818,1238,987,50,"687, 775, 764","178, 441, 715","505, 1060, 59","282, 654, 6","106, 597, 381","556, 309, 49","764, 286, 244","252, 1190, 841","424, 301, 130","331, 1169, 384","157, 1009, 869","745, 491, 982","269, 557, 675","646, 941, 671","200, 997, 795","289, 267, 572","779, 682, 695","735, 1044, 157","659, 764, 521","804, 230, 823","412, 1074, 597","463, 685, 746","696, 1097, 99","426, 34, 602","342, 223, 885","726, 346, 910","485, 987, 523","788, 1136, 169","85, 723, 250","389, 809, 828","768, 407, 287","723, 994, 786","30, 1026, 442","671, 627, 447","32, 490, 435","525, 58, 831","617, 306, 425","88, 300, 73","449, 63, 34","561, 50, 265","222, 932, 680","301, 1122, 678","811, 965, 867","476, 1011, 75","428, 1131, 792","37, 921, 197","429, 798, 937","613, 463, 292","323, 636, 385","57, 1208, 590"
1359,1979,371,50,"1151, 1617, 123","1232, 1714, 107","1191, 1958, 226","101, 1618, 253","494, 1052, 48","1181, 1091, 50","635, 1160, 280","752, 472, 126","1039, 620, 69","771, 307, 367","413, 255, 215","944, 1844, 338","398, 301, 325","46, 1084, 141","78, 1375, 85","553, 905, 108","64, 97, 168","1138, 1277, 292","817, 881, 45","406, 1836, 329","224, 1807, 303","115, 916, 199","1192, 503, 52","1010, 1323, 293","58, 290, 149","918, 273, 170","692, 1870, 98","509, 147, 174","875, 1127, 229","949, 88, 350","648, 1081, 350","670, 576, 309","47, 92, 136","664, 680, 257","1343, 1404, 348","1129, 587, 72","330, 1420, 95","112, 1798, 257","111, 1650, 278","214, 825, 259","64, 74, 103","340, 1442, 329","800, 574, 100","1046, 758, 107","9, 477, 340","1151, 1188, 7","768, 1188, 337","618, 1210, 133","133, 135, 304","704, 1054, 296"
610,1398,1172,50,"234, 810, 312","431, 621, 345","359, 661, 1064","273, 203, 458","466, 397, 811","430, 1084, 412","484, 40, 982","49, 352, 791","115, 1127, 808","607, 328, 759","201, 266, 66","119, 1243, 220","464, 875, 472","300, 231, 999","450, 426, 545","179, 291, 27","82, 201, 474","70, 22, 183","456, 256, 315","569, 1233, 1017","461, 858, 777","146, 1332, 1123","539, 364, 1066","66, 321, 883","73, 72, 1118","130, 795, 124","184, 434, 1029","126, 848, 283","174, 191, 88","563, 203, 374","165, 236, 528","446, 457, 350","420, 54, 716","533, 653, 893","32, 64, 942","51, 993, 632","393, 1116, 503","585, 409, 1161","464, 636, 1158","31, 1186, 817","193, 780, 478","28, 382, 1029","416, 768, 784","92, 866, 762","426, 638, 76","320, 766, 858","492, 61, 27","332, 373, 723","92, 482, 920","528, 1320, 734"
973,1654,621,50,"561, 173, 503","743, 607, 360","677, 1129, 477","100, 588, 224","60, 561, 47","481, 361, 562","428, 1029, 131","900, 402, 462","851, 1308, 526","114, 99, 431","132, 573, 91","196, 548, 352","524, 201, 569","480, 1222, 609","586, 1271, 46","456, 1520, 281","483, 976, 147","6, 614, 426","363, 1127, 16","66, 65, 66","384, 517, 545","650, 789, 71","10, 1355, 449","407, 1223, 60","20, 190, 616","675, 489, 19","638, 1003, 117","737, 1499, 341","510, 1503, 323","150, 1184, 109","307, 1317, 611","178, 1228, 289","937, 285, 603","89, 410, 47","513, 987, 342","328, 891, 16","845, 651, 457","536, 873, 38","586, 877, 98","692, 752, 546","929, 59, 128","441, 1479, 379","307, 819, 428","331, 781, 26","733, 962, 281","295, 1003, 160","380, 775, 515","727, 1467, 451","510, 1159, 481","173, 997, 459"
1809,348,1588,50,"627, 83, 615","799, 38, 301","722, 12, 304","1279, 46, 66","1434, 148, 878","575, 96, 583","594, 2, 555","996, 84, 542","772, 143, 1073","1446, 316, 1047","1808, 218, 1475","872, 293, 1298","226, 238, 1372","1058, 84, 1135","916, 117, 894","949, 171, 1299","1141, 103, 711","1799, 159, 554","1352, 6, 1033","1024, 125, 886","1551, 163, 201","1481, 164, 886","18, 199, 507","1220, 109, 981","604, 93, 1335","669, 300, 950","650, 46, 1499","891, 126, 24","1405, 104, 343","420, 246, 669","1480, 348, 761","706, 47, 1437","44, 347, 1464","1803, 338, 1338","99, 123, 960","358, 83, 723","630, 315, 1016","1250, 76, 744","507, 121, 994","1680, 203, 475","631, 220, 1170","1187, 44, 999","594, 290, 1215","1603, 50, 592","188, 58, 278","1173, 116, 597","705, 29, 1323","717, 284, 761","346, 68, 103","503, 180, 363"
1421,1920,366,50,"1259, 1266, 10","1189, 1823, 311","1225, 234, 198","17, 627, 231","1046, 1887, 111","581, 1122, 247","1017, 314, 277","602, 1039, 306","404, 1853, 123","1249, 1297, 174","1121, 226, 50","718, 1178, 284","1036, 24, 262","554, 1394, 353","1173, 569, 41","1113, 414, 245","333, 1350, 92","696, 58, 350","244, 678, 194","775, 1687, 183","793, 1437, 207","607, 1762, 339","267, 498, 296","720, 1826, 145","1093, 728, 347","748, 1695, 188","344, 1713, 356","262, 1594, 146","2, 402, 246","633, 1913, 112","916, 1493, 76","1216, 294, 329","453, 230, 24","1019, 1147, 185","1194, 1625, 93","337, 1655, 67","1048, 42, 32","711, 1169, 195","850, 525, 198","1252, 181, 29","1046, 847, 117","785, 1016, 170","1208, 906, 243","388, 674, 219","481, 1119, 114","554, 214, 298","184, 187, 86","749, 415, 136","1198, 1307, 186","189, 1394, 293"
495,1436,1406,50,"5, 49, 5","458, 624, 93","98, 109, 637","384, 1314, 1315","192, 561, 366","78, 1058, 1071","430, 593, 161","66, 514, 1220","10, 1249, 960","227, 74, 319","493, 999, 1060","340, 953, 378","96, 760, 1022","188, 11, 788","261, 1041, 1146","256, 24, 782","474, 249, 31","195, 307, 140","386, 1329, 11","135, 1256, 1310","318, 1334, 67","120, 518, 237","234, 401, 197","447, 889, 1401","43, 1028, 989","211, 882, 1064","182, 860, 787","379, 416, 1103","166, 642, 328","396, 884, 946","395, 1176, 908","205, 1422, 816","31, 960, 1237","424, 1410, 330","134, 64, 710","351, 506, 339","373, 1040, 58","441, 630, 539","469, 653, 1333","315, 564, 835","459, 933, 828","23, 370, 1096","393, 280, 651","395, 1, 961","112, 314, 653","263, 1326, 545","237, 343, 144","367, 983, 1156","395, 78, 534","175, 113, 887"
672,1217,1222,50,"630, 1041, 194","285, 26, 60","515, 1098, 967","411, 47, 115","552, 88, 278","551, 1121, 296","193, 329, 1064","614, 37, 174","184, 309, 843","184, 1045, 493","512, 802, 153","103, 725, 424","162, 911, 1130","448, 873, 352","581, 86, 580","160, 764, 1022","387, 64, 1216","149, 165, 210","26, 979, 1213","509, 339, 805","564, 290, 525","141, 1040, 385","518, 1202, 244","574, 826, 921","39, 1035, 32","494, 811, 1121","496, 40, 913","384, 698, 35","393, 961, 806","202, 306, 521","247, 243, 719","126, 402, 243","347, 334, 611","209, 540, 25","346, 807, 1055","121, 202, 1065","501, 491, 181","582, 168, 124","519, 87, 722","479, 805, 939","577, 840, 827","218, 1191, 975","266, 359, 1199","432, 1048, 859","568, 447, 1117","319, 865, 256","220, 700, 850","292, 529, 760","4, 408, 716","668, 930, 231"
1011,762,1298,50,"711, 606, 760","206, 151, 44","161, 250, 84","297, 581, 54","288, 619, 1257","486, 569, 262","819, 441, 460","470, 294, 617","198, 643, 290","648, 526, 494","876, 757, 591","752, 133, 1159","181, 8, 265","16, 572, 534","504, 673, 221","269, 472, 234","161, 96, 1082","9, 104, 490","750, 742, 807","29, 699, 1255","974, 167, 518","573, 745, 821","324, 72, 837","495, 567, 791","489, 101, 595","871, 619, 168","892, 714, 429","9, 384, 179","272, 108, 939","761, 207, 264","87, 26, 1167","861, 569, 387","135, 157, 327","249, 286, 13","64, 287, 216","373, 78, 1190","136, 277, 576","302, 538, 1202","811, 474, 1156","512, 83, 898","70, 31, 792","218, 697, 866","857, 16, 1263","300, 225, 1292","634, 659, 37","624, 731, 706","724, 364, 953","959, 211, 826","232, 303, 1006","640, 142, 900"
324,1972,1563,50,"156, 666, 482","96, 1065, 631","276, 1637, 1173","100, 916, 723","178, 989, 1348","48, 1114, 262","138, 640, 1014","100, 1422, 1403","294, 170, 1258","60, 84, 523","293, 762, 520","95, 189, 606","294, 715, 1459","21, 1159, 590","164, 1187, 1126","258, 984, 598","7, 972, 643","256, 449, 1326","316, 1186, 1071","281, 284, 1496","306, 888, 1480","75, 873, 1302","100, 729, 658","81, 326, 941","214, 1567, 514","210, 326, 1182","188, 695, 381","282, 804, 1095","244, 1541, 399","118, 696, 443","176, 859, 516","223, 1755, 344","80, 715, 116","125, 422, 867","248, 143, 824","39, 817, 286","116, 1359, 1171","289, 941, 551","168, 62, 110","155, 694, 589","160, 22, 86","147, 1732, 673","151, 1424, 1477","194, 105, 130","314, 101, 515","157, 422, 1249","125, 66, 1554","126, 124, 1377","259, 1693, 472","112, 589, 1091"
997,902,1111,50,"708, 902, 441","633, 776, 725","783, 389, 883","181, 149, 65","399, 528, 522","912, 409, 535","864, 405, 621","224, 693, 815","148, 744, 140","423, 812, 624","107, 61, 762","60, 842, 977","877, 580, 780","346, 884, 26","362, 899, 22","419, 344, 1015","625, 123, 425","448, 60, 475","560, 229, 1042","953, 326, 239","610, 414, 867","617, 589, 646","143, 283, 104","470, 879, 181","107, 315, 204","924, 303, 318","22, 278, 652","841, 245, 988","829, 794, 249","96, 652, 1000","961, 421, 721","173, 183, 1080","959, 583, 1070","263, 502, 618","977, 867, 1110","922, 110, 282","889, 300, 726","511, 154, 24","651, 209, 92","249, 699, 458","766, 410, 63","993, 770, 106","471, 533, 419","813, 89, 208","819, 743, 322","300, 407, 731","469, 478, 738","915, 622, 41","752, 669, 190","381, 518, 1003"
377,1590,1667,50,"352, 341, 1071","106, 474, 1289","275, 573, 207","223, 77, 461","153, 107, 160","291, 904, 1592","199, 946, 12","168, 837, 409","113, 160, 265","222, 591, 483","230, 227, 777","296, 1124, 1122","348, 669, 1322","97, 304, 1526","109, 402, 563","41, 521, 477","198, 154, 633","359, 904, 76","101, 316, 1462","121, 1392, 1108","236, 157, 1566","86, 1019, 1289","336, 683, 597","137, 179, 629","133, 1035, 1457","361, 489, 1622","250, 802, 103","320, 120, 674","112, 1051, 797","202, 1587, 27","27, 23, 738","208, 517, 1200","157, 181, 1133","340, 1532, 1337","270, 1385, 1144","6, 57, 997","115, 1531, 1024","138, 689, 537","266, 566, 925","264, 1576, 1453","149, 944, 783","314, 1320, 86","48, 1541, 1231","147, 880, 795","154, 500, 1234","325, 792, 1650","292, 937, 1619","223, 1431, 1206","313, 123, 217","229, 745, 1275"
1812,1777,310,50,"1482, 160, 78","312, 1536, 101","1047, 1360, 90","237, 1009, 270","1091, 66, 242","1130, 23, 40","1136, 1746, 101","290, 1030, 167","1334, 994, 172","1685, 1032, 298","1272, 960, 194","1000, 1285, 205","836, 1123, 193","1135, 281, 178","1557, 295, 163","614, 1589, 173","1039, 669, 172","1214, 680, 167","579, 812, 10","249, 921, 258","835, 685, 55","566, 1484, 189","913, 293, 201","1645, 1734, 306","1104, 480, 60","748, 904, 93","273, 1172, 17","1626, 1240, 293","1017, 51, 118","904, 910, 149","584, 1622, 126","1292, 880, 175","1316, 1610, 261","854, 1577, 167","261, 1366, 254","792, 1491, 22","1563, 229, 116","1317, 1525, 78","396, 1749, 100","217, 513, 188","415, 1111, 47","110, 825, 37","1451, 81, 3","131, 1694, 204","43, 904, 174","336, 1518, 200","632, 666, 84","60, 465, 16","286, 506, 112","632, 461, 173"
978,1081,945,50,"349, 424, 498","238, 340, 938","612, 10, 641","803, 838, 553","506, 120, 353","664, 357, 246","524, 1052, 611","490, 220, 277","866, 84, 591","39, 385, 585","400, 204, 870","729, 429, 468","730, 996, 705","746, 140, 91","29, 529, 154","295, 659, 35","150, 529, 300","327, 500, 145","462, 973, 53","71, 688, 61","155, 461, 775","337, 756, 755","449, 831, 939","6, 655, 648","229, 77, 734","9, 699, 216","459, 901, 793","636, 164, 872","505, 71, 66","749, 127, 201","202, 542, 398","879, 621, 201","730, 414, 137","409, 263, 516","165, 825, 240","69, 295, 126","559, 676, 148","260, 358, 789","263, 181, 445","557, 228, 797","173, 383, 791","778, 261, 358","945, 83, 310","248, 519, 827","374, 444, 437","393, 35, 289","530, 659, 374","218, 510, 24","940, 114, 815","862, 185, 562"
1583,643,982,50,"1434, 465, 543","999, 28, 796","847, 431, 258","815, 384, 65","987, 186, 955","1051, 200, 975","381, 237, 841","148, 368, 425","1396, 433, 311","443, 396, 661","1235, 405, 264","625, 100, 887","690, 252, 767","1403, 219, 495","275, 71, 214","1184, 190, 143","687, 21, 936","1272, 85, 51","741, 94, 271","1548, 72, 902","743, 350, 556","79, 331, 173","58, 87, 13","1126, 409, 867","983, 500, 905","602, 556, 86","1326, 275, 306","1183, 453, 326","1266, 492, 313","1042, 36, 669","1008, 591, 835","71, 194, 647","618, 253, 35","882, 520, 218","1071, 577, 197","305, 549, 816","608, 482, 273","331, 329, 566","132, 400, 212","1307, 152, 69","684, 595, 614","23, 599, 620","1507, 560, 691","1261, 50, 129","458, 355, 826","682, 274, 933","1305, 507, 859","624, 498, 242","1066, 337, 660","897, 11, 486"
369,1379,1964,50,"111, 368, 180","312, 874, 1860","186, 434, 1326","335, 487, 1737","157, 773, 15","27, 772, 1598","282, 1366, 1415","198, 461, 147","61, 282, 492","112, 218, 119","122, 572, 1609","333, 950, 489","272, 336, 1497","162, 1120, 115","344, 1301, 72","200, 1348, 1491","47, 462, 904","150, 362, 303","74, 47, 897","6, 618, 1714","347, 1345, 279","280, 1312, 58","349, 1280, 1053","314, 1358, 1497","256, 1187, 1889","270, 1169, 259","212, 239, 794","144, 1241, 1903","267, 640, 1874","200, 1126, 179","193, 1004, 1476","3, 1341, 1349","348, 807, 1098","313, 1160, 292","140, 1256, 395","244, 950, 106","287, 580, 1074","9, 939, 841","219, 1218, 1004","210, 402, 1858","349, 199, 982","136, 766, 1821","199, 153, 346","69, 333, 1964","368, 1198, 611","179, 39, 735","32, 765, 305","25, 748, 639","302, 749, 301","54, 1336, 1927"
1265,1214,651,50,"56, 1054, 224","800, 834, 323","2, 225, 230","598, 883, 74","324, 638, 628","938, 76, 397","232, 873, 243","197, 1144, 341","1029, 916, 377","837, 448, 45","622, 793, 307","217, 381, 235","456, 1139, 650","281, 147, 636","805, 805, 552","1207, 1, 57","460, 576, 637","333, 1020, 390","593, 776, 458","1039, 407, 67","287, 636, 311","166, 666, 120","219, 22, 326","82, 1132, 568","501, 78, 601","324, 224, 520","808, 715, 106","365, 357, 276","603, 1136, 221","285, 1067, 177","1184, 653, 299","620, 626, 613","709, 1051, 481","485, 899, 297","396, 943, 293","1253, 304, 21","613, 498, 278","1196, 1017, 191","68, 419, 591","379, 1001, 426","214, 666, 18","356, 81, 635","569, 258, 340","846, 277, 194","1058, 658, 105","91, 88, 82","498, 171, 280","783, 799, 333","623, 477, 193","113, 935, 623"
537,1168,1594,50,"68, 744, 738","3, 202, 431","53, 46, 502","339, 202, 435","62, 647, 387","139, 972, 770","476, 1167, 758","195, 372, 1315","67, 539, 758","149, 980, 341","505, 1093, 433","303, 815, 1552","92, 932, 261","120, 258, 748","152, 808, 91","32, 333, 130","124, 636, 1283","51, 667, 978","535, 915, 1459","239, 31, 111","185, 323, 1180","258, 277, 410","430, 387, 1146","149, 476, 582","434, 175, 1000","454, 460, 882","342, 869, 843","386, 24, 1492","286, 678, 883","123, 229, 861","485, 787, 424","239, 90, 1534","462, 595, 694","433, 935, 950","244, 291, 294","168, 430, 1379","87, 202, 1074","40, 306, 1254","448, 917, 158","534, 498, 266","460, 849, 111","193, 671, 766","85, 975, 11","147, 517, 28","96, 1012, 265","13, 1022, 1211","519, 206, 1321","325, 738, 1409","512, 1052, 869","236, 902, 929"
369,1724,1571,50,"185, 962, 998","368, 1235, 1202","143, 213, 183","248, 1085, 1310","58, 726, 380","336, 953, 1496","219, 498, 1442","286, 1613, 954","350, 219, 1539","100, 1493, 23","253, 1029, 303","144, 1094, 314","86, 1313, 562","128, 422, 1315","65, 790, 107","306, 1406, 503","165, 1618, 867","112, 1069, 292","82, 1580, 1","57, 173, 1403","338, 97, 554","17, 1330, 948","76, 240, 1053","184, 410, 1037","195, 66, 221","188, 1630, 1369","41, 1483, 1458","244, 77, 1055","187, 265, 417","315, 732, 540","72, 930, 862","130, 1623, 23","290, 850, 996","179, 974, 29","182, 1145, 1386","198, 419, 295","190, 533, 1531","156, 1120, 123","177, 177, 106","333, 1015, 1404","301, 28, 336","199, 1719, 617","119, 948, 208","363, 970, 1376","241, 1459, 907","171, 901, 5","166, 464, 1280","180, 1049, 179","278, 999, 451","126, 466, 171"
1252,1013,788,50,"301, 769, 767","580, 138, 628","605, 223, 679","354, 61, 166","464, 458, 256","472, 280, 98","1128, 909, 502","904, 853, 43","854, 114, 140","931, 32, 734","1120, 474, 419","1021, 104, 275","833, 271, 711","387, 461, 633","470, 618, 203","384, 678, 670","1197, 190, 272","1122, 590, 359","90, 387, 642","844, 927, 582","813, 706, 31","742, 100, 636","719, 871, 246","206, 142, 646","293, 170, 195","1078, 452, 322","783, 393, 60","469, 148, 392","744, 344, 455","567, 831, 499","761, 205, 73","575, 898, 777","527, 846, 403","1077, 852, 39","889, 99, 785","332, 953, 525","315, 459, 73","804, 364, 200","693, 960, 535","1146, 72, 35","427, 705, 685","854, 582, 651","999, 82, 513","3, 582, 347","782, 873, 254","770, 431, 80","742, 219, 40","140, 34, 384","160, 634, 219","638, 382, 458"
1645,558,1089,50,"1334, 506, 108","810, 380, 100","574, 127, 247","1078, 147, 491","1500, 148, 592","795, 226, 757","1438, 498, 476","395, 462, 383","1364, 480, 834","1469, 379, 745","871, 363, 505","144, 293, 1016","762, 537, 1030","715, 234, 156","446, 155, 270","51, 115, 1027","1240, 494, 96","472, 402, 860","334, 165, 685","1312, 219, 539","93, 493, 409","918, 535, 36","1105, 418, 996","373, 324, 484","664, 260, 412","1306, 439, 996","901, 191, 92","379, 392, 172","643, 234, 880","116, 30, 121","1038, 61, 852","109, 128, 311","1596, 473, 972","369, 391, 932","504, 217, 120","354, 526, 965","189, 88, 586","157, 356, 985","937, 32, 427","691, 156, 691","679, 77, 201","838, 125, 155","106, 151, 633","1314, 323, 960","1037, 138, 603","1023, 300, 375","613, 73, 160","1082, 53, 552","160, 519, 751","1634, 247, 472"
424,1482,1591,50,"77, 372, 520","343, 1266, 316","58, 440, 556","260, 349, 532","67, 1005, 826","36, 501, 1208","351, 1015, 838","291, 944, 87","399, 781, 1319","127, 950, 543","409, 1399, 1056","296, 869, 1412","153, 704, 1029","169, 338, 756","58, 1193, 142","183, 987, 234","84, 1133, 1156","215, 527, 1350","388, 404, 242","184, 434, 163","140, 938, 330","295, 59, 971","24, 416, 164","278, 252, 126","309, 683, 1240","334, 141, 854","174, 1114, 1569","227, 168, 277","116, 729, 1062","326, 1328, 3","72, 44, 286","323, 174, 295","166, 331, 1455","37, 1230, 276","403, 576, 1249","253, 1480, 941","395, 75, 1426","103, 484, 1070","43, 1368, 1390","289, 801, 935","141, 808, 1282","277, 114, 869","82, 756, 861","163, 1259, 36","194, 144, 679","135, 1123, 78","413, 119, 264","231, 1316, 1014","394, 892, 859","133, 10, 694"
1111,455,1977,50,"932, 161, 1886","1030, 221, 442","501, 390, 1278","773, 10, 575","818, 353, 720","863, 48, 1496","842, 139, 896","854, 144, 827","668, 186, 737","732, 381, 1560","212, 340, 1117","477, 340, 1383","556, 153, 699","436, 154, 1833","489, 267, 1921","982, 425, 57","1064, 152, 1153","472, 202, 1510","372, 88, 1508","137, 382, 1512","61, 430, 680","382, 29, 334","547, 37, 136","184, 310, 926","697, 455, 232","941, 120, 394","1021, 126, 290","263, 125, 520","583, 189, 1910","517, 91, 922","133, 20, 1276","528, 330, 380","284, 334, 1355","379, 283, 404","1021, 319, 1627","822, 252, 626","455, 383, 1925","955, 389, 1645","321, 217, 1877","144, 44, 616","516, 427, 15","909, 53, 896","360, 172, 1583","724, 353, 24","28, 30, 155","267, 367, 926","398, 324, 622","882, 394, 1876","200, 259, 1977","795, 342, 1136"
1735,1318,437,50,"983, 1031, 112","596, 958, 394","1588, 1107, 103","1501, 343, 34","817, 86, 206","1599, 260, 112","935, 16, 25","1676, 839, 177","1428, 635, 22","1727, 1233, 158","653, 378, 96","1718, 1265, 257","1584, 1099, 195","1063, 356, 40","1525, 700, 397","1330, 723, 337","1710, 711, 181","1004, 509, 313","348, 1261, 324","1291, 1093, 361","433, 47, 37","131, 490, 257","664, 429, 268","203, 801, 375","695, 109, 35","35, 892, 182","1091, 26, 314","187, 871, 403","1011, 1189, 425","290, 756, 60","931, 445, 18","1043, 260, 19","1585, 904, 6","348, 166, 82","1572, 640, 357","1112, 210, 291","132, 1311, 152","1158, 608, 24","1262, 95, 339","1722, 557, 322","898, 700, 94","327, 662, 132","446, 492, 54","1694, 502, 243","1246, 906, 83","911, 808, 199","11, 828, 121","1167, 162, 282","1374, 1312, 382","1101, 1252, 110"
1729,664,871,50,"1235, 250, 48","791, 652, 490","1721, 156, 722","1394, 501, 95","1243, 531, 420","827, 357, 601","1532, 247, 860","341, 580, 269","122, 642, 718","130, 14, 43","992, 321, 834","106, 607, 454","181, 457, 199","1434, 166, 840","1579, 152, 165","1561, 106, 768","996, 286, 250","1392, 35, 562","502, 312, 536","1572, 306, 388","212, 394, 855","1065, 621, 863","1205, 634, 156","184, 284, 79","689, 100, 27","1452, 312, 152","1368, 99, 679","1339, 67, 144","199, 363, 705","1342, 91, 252","558, 520, 494","353, 638, 675","1420, 329, 691","1292, 23, 45","224, 78, 558","787, 123, 647","865, 196, 265","429, 317, 436","1577, 495, 146","605, 436, 852","986, 94, 473","876, 136, 626","1150, 305, 194","1287, 180, 188","767, 404, 30","293, 579, 166","1242, 576, 657","300, 550, 829","900, 228, 734","1450, 87, 470"
1674,792,754,50,"1351, 31, 701","1100, 502, 359","1321, 78, 451","1483, 466, 605","937, 745, 120","406, 32, 198","385, 666, 169","519, 707, 117","1268, 78, 628","561, 16, 171","28, 178, 486","1010, 727, 491","1222, 28, 345","1250, 97, 637","865, 651, 73","989, 480, 745","1489, 753, 321","1599, 667, 332","673, 686, 401","1614, 631, 454","1394, 726, 327","1269, 158, 644","1302, 473, 686","719, 730, 650","1060, 303, 241","1412, 491, 102","1482, 562, 187","576, 457, 709","1673, 188, 625","443, 285, 55","1135, 433, 445","1621, 122, 86","917, 252, 279","752, 358, 369","667, 321, 345","143, 245, 216","852, 468, 51","644, 38, 651","902, 370, 715","580, 530, 533","91, 787, 637","752, 534, 444","827, 326, 479","693, 71, 278","43, 128, 129","517, 67, 623","990, 110, 278","1036, 590, 159","17, 98, 64","1574, 117, 178"
731,1171,1168,50,"275, 311, 440","218, 922, 750","516, 954, 381","103, 1031, 808","629, 653, 206","500, 800, 314","480, 170, 257","704, 567, 353","326, 427, 959","621, 518, 628","145, 259, 26","183, 380, 872","83, 1062, 366","480, 1166, 95","685, 609, 493","165, 113, 950","421, 852, 128","15, 1104, 766","301, 262, 578","430, 485, 243","507, 1083, 188","707, 599, 43","230, 577, 426","141, 117, 972","640, 208, 665","285, 338, 491","72, 80, 902","623, 297, 344","2, 1011, 315","381, 1079, 295","13, 1084, 376","390, 892, 368","681, 331, 466","385, 243, 191","234, 914, 1009","433, 454, 38","242, 714, 631","176, 589, 752","421, 523, 991","400, 85, 999","200, 106, 43","394, 229, 684","371, 379, 155","54, 126, 610","336, 625, 678","106, 499, 465","251, 1120, 436","689, 972, 1154","126, 947, 833","119, 36, 698"
1456,1866,355,50,"9, 939, 116","96, 1404, 214","244, 805, 293","1246, 936, 113","1116, 1762, 91","1173, 1748, 239","334, 218, 118","628, 1795, 31","1132, 1844, 30","377, 420, 157","1399, 948, 1","154, 1719, 182","45, 1542, 46","408, 1672, 195","226, 808, 219","181, 1210, 275","1430, 1504, 195","647, 1701, 329","173, 1098, 37","998, 1476, 339","1287, 247, 79","536, 287, 330","1454, 571, 173","228, 1789, 168","1084, 393, 119","654, 64, 100","991, 1538, 113","1070, 746, 256","908, 1158, 94","1239, 686, 146","493, 1544, 63","1317, 1824, 304","1424, 689, 300","1265, 1118, 48","1211, 79, 5","1425, 394, 223","57, 42, 197","1228, 190, 232","1302, 1153, 244","194, 639, 14","586, 1429, 350","263, 1227, 320","684, 1103, 11","1424, 297, 106","662, 1690, 170","1071, 744, 295","342, 1522, 349","1221, 499, 16","351, 217, 165","1226, 1774, 254"
336,1741,1709,50,"327, 6, 201","222, 1595, 669","296, 906, 186","121, 371, 1147","51, 933, 1001","330, 1108, 830","243, 644, 1219","73, 1388, 389","256, 700, 993","123, 899, 765","77, 140, 275","102, 1541, 122","267, 1142, 1694","213, 1273, 1056","93, 1598, 1131","209, 641, 827","284, 1464, 608","255, 965, 576","266, 1255, 384","108, 1273, 1184","59, 23, 515","312, 102, 678","101, 1571, 1018","24, 1493, 601","153, 816, 1383","200, 1615, 429","107, 1463, 1503","115, 437, 17","116, 130, 1217","243, 291, 216","288, 792, 1240","101, 295, 1489","300, 1632, 870","237, 1259, 882","270, 799, 227","31, 1164, 582","202, 1070, 538","34, 1404, 1349","242, 1485, 1302","8, 1186, 1589","40, 1099, 1182","174, 27, 303","160, 954, 995","44, 1400, 1176","83, 1703, 1659","252, 998, 410","21, 247, 583","74, 82, 1045","197, 53, 963","53, 1568, 653"
353,1902,1488,50,"202, 166, 752","232, 1235, 969","137, 83, 1160","145, 1763, 68","315, 1067, 370","320, 468, 111","226, 1270, 151","332, 1848, 887","335, 492, 1160","183, 1737, 1290","103, 1127, 448","231, 338, 273","311, 92, 529","172, 146, 469","30, 594, 1391","17, 1184, 1194","255, 731, 841","176, 341, 192","311, 1583, 54","343, 1655, 918","103, 583, 900","281, 600, 1397","6, 57, 1354","265, 804, 952","288, 18, 1421","77, 1732, 938","231, 946, 1186","301, 476, 1179","268, 287, 1185","146, 87, 333","3, 101, 1061","294, 310, 1234","341, 1825, 756","169, 1304, 1045","235, 1363, 839","123, 1257, 1448","306, 215, 823","311, 69, 28","76, 187, 1335","204, 407, 843","275, 1512, 843","200, 494, 1043","70, 188, 384","201, 1016, 1001","89, 1692, 1150","300, 388, 902","244, 542, 258","285, 1828, 309","242, 169, 808","221, 748, 21"
663,1088,1386,50,"436, 549, 417","214, 334, 834","321, 889, 75","210, 738, 166","608, 493, 590","448, 401, 518","497, 121, 475","566, 866, 690","507, 284, 501","475, 899, 514","335, 906, 115","417, 1071, 455","65, 757, 1171","314, 8, 1384","543, 834, 598","262, 1015, 756","448, 449, 536","493, 267, 475","171, 986, 1024","311, 1029, 1177","578, 618, 528","391, 1073, 821","508, 278, 1117","386, 134, 56","30, 1084, 1092","346, 880, 631","533, 663, 207","356, 495, 916","570, 64, 955","54, 452, 478","11, 969, 1051","117, 834, 1257","70, 1085, 802","585, 969, 777","642, 621, 818","309, 312, 357","224, 789, 115","326, 43, 1106","508, 395, 13","569, 1026, 65","146, 448, 719","145, 963, 270","421, 830, 5","179, 944, 1149","25, 176, 495","153, 1028, 252","511, 291, 1056","360, 699, 946","517, 9, 763","332, 1051, 292"
813,1281,960,50,"535, 849, 213","721, 1101, 777","432, 1043, 4","803, 89, 566","189, 961, 679","601, 1108, 926","91, 653, 661","689, 1175, 443","556, 1170, 267","241, 1087, 960","59, 329, 770","649, 1139, 557","755, 621, 739","72, 1060, 486","201, 1079, 854","343, 1027, 237","38, 345, 400","64, 1115, 139","748, 381, 845","517, 136, 603","637, 494, 607","553, 908, 453","134, 544, 458","185, 1267, 897","600, 253, 391","485, 1141, 394","442, 152, 45","513, 3, 669","599, 412, 343","112, 64, 457","50, 1003, 138","595, 349, 21","89, 260, 565","300, 481, 106","207, 514, 63","310, 1031, 195","194, 772, 586","101, 330, 298","810, 451, 229","158, 503, 418","168, 1164, 386","471, 417, 734","201, 881, 175","436, 808, 925","744, 1030, 823","613, 29, 10","653, 461, 473","338, 610, 891","526, 1031, 630","24, 1236, 229"
339,1770,1662,50,"23, 1756, 1139","236, 907, 1328","95, 1182, 1054","114, 251, 438","174, 1603, 968","257, 42, 512","266, 1546, 1614","9, 1294, 875","158, 1322, 712","126, 28, 1504","50, 1150, 1204","134, 1565, 800","107, 319, 1604","263, 1407, 161","157, 1428, 171","301, 186, 1200","73, 1447, 483","39, 292, 1192","56, 1127, 1531","101, 104, 732","337, 525, 1499","64, 857, 812","90, 1566, 1519","101, 1735, 398","158, 293, 134","294, 1334, 557","148, 319, 1101","39, 335, 1490","153, 1759, 127","177, 693, 1564","234, 908, 1012","102, 356, 1162","125, 1314, 306","67, 114, 1490","63, 120, 741","193, 947, 1403","166, 1515, 1112","307, 88, 320","57, 1402, 1222","243, 629, 295","168, 166, 880","39, 1574, 194","164, 626, 988","169, 1531, 1632","92, 653, 1123","305, 725, 1154","245, 503, 343","170, 1100, 1655","21, 1547, 168","280, 796, 1497"
700,1812,788,50,"360, 1296, 80","131, 622, 46","544, 1296, 595","351, 1648, 229","522, 1035, 158","660, 827, 84","485, 127, 769","1, 1122, 724","644, 244, 100","411, 1697, 225","240, 1615, 521","602, 1427, 23","642, 733, 77","583, 450, 520","188, 1416, 785","205, 496, 721","670, 1717, 481","19, 1610, 704","627, 556, 105","96, 1521, 728","587, 1373, 2","68, 558, 321","453, 696, 590","288, 475, 600","290, 1784, 588","364, 699, 408","422, 1510, 563","671, 375, 249","78, 804, 39","540, 1053, 761","165, 1664, 361","353, 934, 298","84, 422, 636","225, 519, 619","74, 188, 639","471, 657, 217","154, 1485, 202","63, 1754, 457","371, 70, 442","139, 1132, 289","413, 1762, 524","315, 1526, 359","190, 1750, 586","361, 730, 498","214, 863, 540","695, 1150, 173","455, 823, 275","163, 751, 99","136, 1194, 557","436, 496, 409"
978,1056,968,50,"22, 994, 614","184, 32, 22","739, 613, 675","752, 840, 643","385, 418, 437","223, 395, 551","510, 278, 603","55, 721, 942","842, 669, 98","758, 265, 808","970, 506, 115","758, 474, 345","634, 989, 550","56, 993, 418","259, 700, 461","214, 133, 847","706, 162, 964","726, 472, 575","837, 906, 943","109, 666, 495","157, 834, 688","293, 521, 141","506, 479, 355","440, 588, 506","49, 452, 937","598, 27, 370","66, 630, 649","333, 897, 319","923, 64, 525","728, 980, 892","878, 853, 773","182, 823, 94","523, 606, 133","129, 691, 525","849, 252, 44","908, 843, 574","189, 784, 118","487, 322, 617","471, 881, 729","318, 763, 490","735, 86, 207","874, 626, 348","243, 658, 966","124, 372, 559","545, 278, 569","554, 745, 100","330, 318, 46","140, 238, 75","366, 93, 752","524, 381, 343"
1924,445,1167,50,"1468, 64, 132","1039, 45, 840","1169, 263, 255","1356, 157, 513","664, 405, 43","1478, 157, 969","1045, 14, 674","1645, 218, 539","668, 330, 635","1517, 248, 394","449, 23, 337","572, 372, 561","1514, 110, 135","350, 216, 116","1806, 440, 960","1614, 194, 696","165, 105, 632","120, 170, 61","848, 392, 252","122, 64, 183","1915, 108, 764","1149, 268, 812","1590, 126, 775","197, 19, 1019","570, 170, 1109","1757, 372, 202","490, 102, 6","747, 2, 1007","811, 408, 967","1317, 180, 780","287, 432, 1012","702, 22, 155","1565, 400, 32","64, 383, 1046","1921, 290, 575","1416, 259, 1033","1257, 147, 52","1367, 191, 211","1079, 183, 1123","1153, 302, 52","103, 145, 1122","259, 354, 169","243, 96, 1164","570, 177, 537","1676, 342, 918","1040, 368, 1164","747, 233, 257","1706, 137, 951","1110, 332, 611","165, 204, 946"
718,1261,1104,50,"242, 1099, 373","326, 580, 868","280, 678, 1100","218, 1081, 187","621, 808, 1021","55, 1124, 638","257, 903, 876","520, 217, 771","632, 727, 1085","567, 268, 760","620, 47, 263","709, 766, 764","439, 1225, 903","14, 194, 1","202, 1056, 1085","113, 219, 1093","601, 388, 515","71, 725, 824","542, 179, 428","622, 24, 573","18, 970, 466","208, 520, 158","611, 38, 300","47, 307, 836","120, 461, 523","421, 337, 177","322, 504, 958","147, 213, 308","203, 148, 921","225, 895, 44","563, 346, 1081","308, 997, 469","128, 379, 135","76, 454, 450","547, 917, 617","1, 301, 422","536, 929, 930","262, 65, 306","595, 1057, 205","570, 721, 79","439, 430, 610","156, 713, 236","275, 775, 196","420, 1207, 426","68, 309, 444","712, 595, 490","88, 965, 525","347, 575, 345","407, 92, 127","588, 554, 83"
1160,630,1368,50,"53, 121, 495","1145, 568, 868","581, 253, 454","417, 153, 761","108, 164, 245","969, 174, 563","140, 513, 1297","703, 53, 333","930, 39, 1232","547, 136, 346","302, 463, 1255","602, 628, 1022","1154, 254, 527","761, 203, 1155","874, 409, 655","1075, 570, 535","823, 146, 95","88, 501, 338","675, 488, 624","27, 454, 4","750, 495, 491","384, 529, 459","470, 77, 989","1144, 390, 1349","932, 455, 468","1079, 539, 619","721, 156, 360","689, 577, 1216","847, 394, 448","674, 125, 28","333, 229, 1298","967, 336, 873","698, 127, 335","1034, 449, 938","82, 145, 957","410, 83, 1305","89, 546, 185","199, 174, 596","473, 455, 113","492, 306, 848","484, 40, 756","564, 246, 72","853, 232, 330","717, 4, 929","513, 276, 1235","286, 219, 1279","756, 399, 1226","162, 360, 81","433, 128, 1169","954, 144, 409"
613,1138,1471,50,"370, 328, 904","160, 145, 318","594, 606, 449","71, 866, 218","575, 669, 1065","177, 608, 496","13, 937, 95","42, 262, 798","374, 323, 94","322, 735, 700","280, 619, 557","170, 488, 344","392, 179, 987","157, 968, 733","471, 454, 42","74, 534, 1053","218, 591, 1127","558, 70, 137","119, 1029, 1114","322, 781, 1193","306, 203, 204","465, 544, 408","260, 1112, 686","304, 16, 950","599, 253, 378","190, 123, 604","531, 300, 1164","20, 608, 234","384, 855, 302","188, 412, 42","133, 999, 100","391, 855, 510","256, 836, 440","345, 1050, 32","185, 1061, 380","575, 54, 925","191, 569, 628","560, 801, 45","356, 565, 521","278, 159, 305","56, 937, 94","171, 69, 271","176, 519, 963","32, 446, 480","435, 1123, 889","232, 1097, 400","28, 148, 737","545, 746, 793","108, 212, 1437","307, 964, 821"
795,1135,1108,50,"606, 1042, 842","469, 1129, 192","336, 458, 380","342, 1005, 995","259, 341, 756","222, 953, 663","506, 909, 784","322, 930, 936","80, 49, 370","724, 179, 365","224, 299, 881","291, 658, 380","20, 125, 740","92, 1129, 435","391, 394, 90","617, 301, 39","342, 369, 728","490, 879, 871","132, 1094, 849","700, 953, 27","646, 1120, 446","124, 1078, 115","716, 410, 198","780, 269, 848","8, 1135, 74","614, 391, 315","615, 592, 979","605, 512, 376","636, 316, 294","731, 264, 36","371, 76, 401","382, 377, 636","604, 808, 389","106, 134, 396","533, 664, 431","369, 1135, 1094","178, 1084, 1108","384, 996, 807","33, 323, 553","350, 972, 753","579, 198, 1071","137, 76, 352","9, 1112, 636","323, 22, 746","361, 185, 960","525, 876, 285","406, 993, 385","245, 34, 657","779, 412, 21","298, 1023, 233"
782,946,1351,50,"539, 679, 246","504, 192, 329","428, 907, 108","257, 83, 970","719, 838, 1111","102, 389, 148","661, 546, 538","603, 256, 641","43, 670, 658","248, 199, 739","179, 646, 810","560, 895, 364","533, 522, 1300","217, 169, 242","554, 609, 364","749, 318, 111","87, 827, 362","279, 401, 347","601, 393, 6","741, 825, 484","782, 924, 803","625, 406, 591","273, 799, 1237","10, 247, 227","351, 628, 758","526, 526, 859","69, 55, 367","350, 17, 726","447, 316, 801","546, 413, 446","181, 300, 59","379, 287, 450","497, 907, 66","165, 166, 743","353, 700, 1140","688, 102, 389","459, 925, 467","52, 457, 1275","678, 587, 589","355, 308, 879","648, 802, 254","524, 324, 1114","511, 175, 1090","43, 298, 799","379, 310, 668","715, 151, 984","446, 510, 1254","641, 834, 308","189, 659, 1118","380, 680, 577"
1730,1833,315,50,"163, 14, 251","112, 882, 18","123, 651, 112","1488, 833, 75","1664, 1516, 115","456, 381, 76","437, 928, 314","519, 943, 49","640, 981, 82","1186, 90, 293","794, 1508, 32","387, 1369, 266","305, 1122, 222","1357, 163, 104","1130, 57, 33","493, 1587, 280","420, 209, 3","228, 696, 101","115, 1710, 246","1568, 538, 153","876, 922, 126","1261, 163, 34","1400, 1431, 188","31, 610, 113","193, 876, 208","373, 889, 299","548, 154, 184","1663, 452, 55","742, 485, 199","154, 1442, 35","1103, 1715, 140","325, 1239, 222","1061, 834, 88","1421, 30, 113","6, 1166, 9","444, 958, 157","874, 1673, 69","1280, 1302, 306","624, 927, 296","52, 1097, 140","1271, 71, 263","632, 1129, 46","578, 1205, 29","1111, 1237, 87","1578, 1747, 284","814, 1458, 42","308, 916, 58","679, 1294, 295","89, 451, 247","63, 574, 289"
961,1725,603,50,"420, 672, 476","41, 4, 311","798, 380, 255","899, 263, 568","313, 1140, 509","554, 1482, 495","545, 680, 12","474, 620, 380","70, 364, 205","649, 86, 556","443, 988, 252","369, 845, 21","554, 987, 279","632, 451, 583","211, 579, 491","401, 697, 489","6, 1249, 397","612, 1607, 505","275, 1484, 213","64, 1025, 148","868, 1329, 264","354, 733, 271","329, 159, 370","610, 182, 348","666, 392, 178","525, 748, 321","275, 113, 458","119, 824, 181","463, 853, 109","562, 1300, 374","52, 1118, 124","677, 1217, 482","18, 709, 475","454, 1244, 28","68, 305, 143","565, 1689, 475","483, 8, 288","804, 879, 434","224, 280, 415","298, 1508, 269","548, 1582, 315","226, 1649, 332","704, 1504, 597","307, 597, 449","780, 640, 63","324, 1616, 584","233, 1271, 288","318, 1139, 549","715, 109, 469","774, 1163, 136"
359,1767,1576,50,"191, 1485, 2","165, 5, 871","284, 1039, 267","28, 738, 1347","24, 47, 332","151, 872, 309","207, 25, 945","43, 52, 841","144, 37, 1022","306, 1590, 601","85, 75, 1225","9, 1331, 724","49, 109, 273","354, 176, 756","290, 1002, 1060","168, 1243, 925","78, 973, 1089","245, 1545, 1451","42, 608, 578","268, 1380, 60","131, 498, 512","205, 28, 379","251, 1322, 598","68, 1569, 127","237, 542, 849","73, 667, 26","75, 640, 731","315, 1567, 1479","180, 247, 315","349, 1154, 638","72, 1372, 358","171, 1313, 1125","193, 27, 338","204, 1485, 976","182, 1646, 960","289, 192, 244","10, 137, 723","41, 218, 1201","149, 181, 217","283, 140, 479","1, 1412, 1396","214, 1528, 773","287, 372, 243","320, 1101, 1411","285, 1215, 213","15, 828, 270","70, 1641, 1514","245, 1485, 663","50, 519, 288","130, 1143, 975"
1597,1969,318,50,"1321, 949, 275","428, 1484, 273","943, 290, 240","83, 1793, 281","1187, 489, 70","1309, 879, 196","957, 266, 77","859, 1163, 252","477, 539, 317","561, 1712, 215","953, 1807, 279","1590, 801, 190","479, 692, 198","814, 1171, 261","32, 1416, 307","294, 1968, 308","1488, 986, 283","631, 330, 67","1391, 1537, 145","1362, 137, 295","936, 1703, 9","1367, 1292, 52","934, 1788, 9","105, 1010, 117","339, 1883, 255","106, 867, 170","1263, 189, 273","609, 1271, 246","277, 1400, 295","801, 930, 263","1291, 159, 288","424, 1773, 202","888, 828, 196","17, 1415, 38","495, 1814, 316","677, 1856, 24","658, 215, 115","923, 1596, 109","1012, 1020, 97","921, 1176, 102","995, 956, 8","180, 1372, 180","286, 322, 17","57, 445, 101","1351, 1408, 252","249, 605, 291","105, 628, 41","442, 404, 161","769, 866, 248","1481, 1631, 221"
382,1406,1934,50,"57, 523, 436","289, 867, 1026","102, 1081, 47","316, 235, 622","165, 1334, 166","46, 756, 1237","231, 371, 52","280, 422, 1746","249, 1336, 824","348, 280, 1051","157, 1076, 493","282, 1388, 1798","340, 415, 1737","146, 512, 1779","165, 1171, 1534","21, 1270, 1801","27, 1188, 1294","373, 383, 1643","162, 792, 1425","36, 1208, 1395","129, 523, 829","305, 427, 782","11, 1145, 1237","6, 126, 1746","290, 703, 1124","125, 1239, 1451","61, 878, 1003","273, 1294, 845","331, 761, 1173","60, 203, 892","167, 865, 519","238, 1261, 282","17, 277, 503","102, 436, 1859","305, 1017, 1180","303, 519, 1461","93, 276, 1074","109, 941, 97","348, 1016, 1443","54, 1406, 262","103, 863, 1603","376, 554, 982","192, 1264, 1199","6, 525, 1620","19, 1302, 959","317, 1324, 1576","37, 177, 1102","190, 789, 712","252, 21, 1436","60, 1213, 1084"
1894,1725,306,50,"477, 58, 130","273, 1624, 88","1503, 1593, 59","761, 1700, 81","321, 767, 268","1568, 1019, 248","973, 753, 131","1816, 1587, 164","1634, 1328, 26","1638, 1547, 151","1052, 215, 166","1195, 613, 12","1391, 878, 197","1870, 497, 145","99, 236, 43","1096, 1082, 131","1691, 1542, 209","1084, 725, 272","1719, 574, 204","51, 467, 174","284, 1174, 200","205, 927, 306","1573, 610, 78","393, 259, 13","1385, 1663, 119","294, 19, 33","1162, 1296, 268","627, 1029, 186","380, 782, 251","1360, 1656, 256","967, 83, 225","1516, 1055, 174","1323, 723, 129","1752, 708, 97","980, 1409, 15","711, 665, 170","1746, 1244, 261","1631, 1559, 149","1803, 289, 213","869, 939, 179","554, 1302, 166","712, 1284, 107","492, 1417, 209","1851, 646, 7","812, 1673, 176","805, 844, 77","1289, 1428, 88","397, 1614, 158","1354, 106, 14","190, 92, 146"
433,1173,1968,50,"373, 656, 1304","362, 21, 1068","88, 529, 1396","114, 253, 922","233, 1147, 1666","427, 157, 1926","259, 751, 735","232, 902, 779","381, 337, 892","279, 543, 715","309, 417, 376","17, 1076, 136","100, 1091, 1115","186, 99, 1049","273, 427, 1629","61, 462, 1401","5, 284, 587","352, 249, 459","43, 1023, 1449","118, 163, 1383","176, 230, 1320","140, 898, 741","65, 164, 517","320, 925, 273","97, 715, 349","19, 982, 772","265, 528, 785","407, 175, 1295","410, 25, 3","114, 766, 970","377, 761, 349","419, 730, 188","150, 62, 1360","184, 36, 1471","368, 938, 1494","9, 917, 1400","157, 508, 561","132, 931, 1179","358, 623, 1942","267, 66, 1427","155, 426, 1501","262, 1016, 457","115, 1145, 596","220, 127, 1613","405, 833, 1664","214, 1078, 254","94, 267, 172","383, 1110, 1361","243, 875, 1864","8, 68, 160"
1041,516,1861,50,"1030, 200, 568","848, 455, 423","257, 406, 672","604, 63, 1502","671, 1, 173","323, 243, 321","556, 443, 1238","432, 339, 48","31, 40, 228","431, 292, 1345","327, 475, 622","701, 154, 1594","328, 319, 1150","709, 136, 1573","898, 213, 564","243, 263, 333","947, 351, 975","554, 451, 1549","723, 419, 1591","1033, 249, 241","59, 28, 1052","509, 457, 974","207, 277, 1228","288, 451, 389","594, 151, 112","816, 118, 934","456, 8, 205","758, 363, 299","909, 335, 1097","548, 402, 1312","343, 124, 351","873, 252, 601","217, 143, 239","780, 111, 1530","408, 18, 92","319, 386, 1681","340, 460, 1414","801, 425, 845","684, 187, 1210","25, 417, 1374","365, 144, 1636","982, 465, 539","494, 357, 895","174, 453, 1391","767, 509, 143","914, 186, 1376","188, 412, 148","328, 109, 1399","847, 325, 1220","295, 212, 1790"
1242,1831,461,50,"619, 189, 102","528, 1645, 24","952, 1729, 50","1112, 519, 290","711, 1793, 22","1085, 122, 248","1103, 3, 335","982, 214, 148","665, 1394, 423","1146, 941, 60","100, 1426, 443","429, 157, 77","1220, 1515, 308","314, 1162, 121","13, 1590, 144","309, 1104, 140","596, 1640, 233","1225, 188, 75","1195, 1193, 85","129, 158, 192","456, 1401, 333","363, 1349, 276","576, 1329, 450","36, 38, 64","134, 112, 331","630, 332, 375","704, 1544, 408","155, 1809, 51","799, 715, 91","946, 481, 186","725, 525, 287","210, 1756, 39","1092, 1699, 110","1108, 742, 123","1158, 1009, 318","896, 1374, 200","1190, 1665, 434","729, 516, 357","536, 240, 432","758, 1554, 314","463, 1233, 276","55, 967, 264","466, 586, 197","726, 1602, 81","109, 934, 444","924, 1108, 129","817, 997, 88","62, 844, 186","324, 1203, 419","295, 361, 461"
1313,574,1326,50,"2, 419, 199","849, 493, 957","400, 442, 502","679, 165, 275","34, 370, 930","1308, 119, 571","774, 177, 1098","1120, 118, 1165","255, 60, 1187","342, 371, 537","676, 505, 56","1027, 423, 1258","739, 62, 1033","1253, 541, 1260","180, 147, 884","295, 435, 1031","1130, 357, 500","304, 313, 843","648, 369, 1196","559, 401, 1324","548, 79, 492","610, 6, 628","653, 418, 755","1298, 106, 870","663, 560, 1012","380, 257, 649","875, 23, 808","769, 492, 640","665, 94, 1190","664, 339, 601","137, 435, 504","1110, 337, 162","1243, 571, 679","542, 350, 1114","1148, 466, 28","1054, 493, 594","1263, 421, 960","1038, 117, 575","558, 241, 499","913, 486, 241","61, 395, 222","522, 524, 1205","432, 397, 1041","934, 441, 1245","395, 79, 994","308, 221, 416","62, 117, 107","25, 416, 449","1176, 487, 32","437, 491, 380"
1752,1785,319,50,"1710, 105, 211","1025, 1489, 218","384, 474, 164","355, 959, 180","848, 910, 319","886, 1209, 41","513, 905, 291","131, 592, 10","352, 757, 272","1387, 1591, 182","720, 115, 53","45, 46, 103","4, 1093, 221","205, 651, 72","669, 610, 195","402, 1138, 296","988, 1285, 289","1272, 405, 108","1226, 1099, 257","1419, 542, 236","910, 1184, 140","1053, 788, 129","1335, 958, 51","1641, 1593, 180","1087, 921, 80","845, 287, 142","1625, 191, 3","761, 1285, 15","656, 238, 140","291, 176, 169","1183, 99, 230","1748, 665, 4","1026, 490, 246","216, 1316, 147","1186, 288, 147","844, 283, 162","328, 1643, 97","368, 1385, 13","263, 554, 191","585, 1327, 35","1409, 267, 222","107, 1496, 212","1372, 1381, 36","1364, 1250, 121","830, 943, 69","1631, 984, 304","731, 536, 52","299, 1015, 136","1710, 1375, 222","1, 1292, 267"
1777,776,725,50,"1057, 423, 272","1072, 275, 568","157, 148, 475","524, 373, 169","768, 488, 51","683, 436, 553","1035, 498, 316","1677, 667, 3","374, 156, 528","1270, 520, 40","1110, 158, 268","1656, 116, 534","879, 68, 613","1221, 625, 346","670, 508, 180","721, 679, 355","837, 126, 170","894, 40, 305","188, 599, 81","1190, 572, 303","1129, 502, 173","744, 86, 436","1326, 771, 96","230, 178, 689","888, 191, 660","927, 441, 75","319, 351, 660","758, 727, 489","131, 23, 42","497, 200, 645","69, 9, 101","1761, 616, 675","1706, 633, 15","1711, 196, 66","489, 489, 452","241, 286, 265","384, 356, 29","540, 269, 87","1205, 391, 91","1069, 25, 34","397, 698, 162","75, 221, 221","646, 200, 673","1386, 548, 311","1611, 684, 301","1728, 596, 632","1743, 706, 428","1421, 484, 501","119, 393, 242","61, 736, 482"
1083,521,1771,50,"649, 36, 133","836, 239, 79","346, 509, 723","497, 276, 941","479, 459, 159","183, 166, 298","157, 336, 528","386, 351, 1188","1056, 164, 432","314, 380, 740","497, 185, 1642","891, 41, 157","125, 204, 1244","846, 191, 1709","399, 76, 989","715, 124, 241","141, 227, 454","503, 302, 711","310, 207, 1442","891, 485, 1191","313, 224, 758","463, 100, 387","573, 221, 11","661, 91, 156","205, 462, 1413","631, 289, 1458","494, 219, 1515","998, 99, 1247","888, 263, 276","1003, 250, 268","798, 88, 932","436, 124, 271","230, 66, 1759","348, 268, 866","107, 399, 255","736, 327, 1106","340, 39, 1192","315, 97, 152","395, 492, 1247","1057, 135, 1184","209, 193, 881","886, 340, 1313","422, 54, 562","536, 502, 1310","516, 223, 1465","480, 440, 1699","739, 375, 371","994, 185, 1662","1035, 311, 98","911, 341, 1291"
427,1829,1280,50,"347, 1038, 449","355, 667, 97","127, 267, 268","32, 1713, 690","20, 23, 992","275, 609, 193","303, 452, 694","40, 1711, 279","63, 1002, 285","257, 1679, 1092","131, 262, 74","371, 1578, 1068","75, 980, 203","32, 204, 143","29, 491, 1270","83, 1301, 667","297, 1403, 658","278, 1441, 172","351, 692, 911","138, 504, 77","81, 165, 919","245, 700, 999","311, 816, 643","232, 259, 91","385, 1774, 961","101, 886, 78","306, 195, 1011","250, 127, 407","15, 1619, 287","277, 1021, 461","298, 1544, 998","242, 1282, 189","422, 426, 365","287, 1057, 493","323, 125, 1184","240, 1139, 1089","206, 1783, 446","375, 1434, 560","66, 451, 793","229, 781, 446","99, 607, 571","71, 422, 274","136, 492, 658","241, 651, 768","169, 233, 530","391, 743, 166","147, 1070, 585","314, 276, 439","268, 1272, 627","423, 216, 466"
1766,317,1784,50,"1730, 300, 276","593, 77, 1610","202, 241, 1177","1316, 146, 1267","1032, 37, 977","1014, 84, 65","1723, 149, 1677","21, 243, 338","1406, 208, 896","1493, 296, 628","1551, 23, 642","176, 204, 570","1105, 291, 447","545, 160, 690","1676, 224, 705","206, 164, 674","774, 37, 1146","465, 245, 631","1139, 64, 1775","888, 282, 384","764, 306, 1348","655, 269, 405","436, 136, 1611","618, 164, 172","986, 143, 259","1030, 10, 1038","866, 190, 1011","914, 283, 1130","498, 92, 819","296, 314, 833","164, 135, 191","553, 261, 698","990, 18, 969","936, 125, 464","1731, 240, 191","652, 148, 878","639, 134, 1032","1503, 162, 603","379, 253, 936","57, 113, 1327","442, 64, 361","902, 134, 1684","338, 149, 729","345, 50, 516","1342, 55, 499","816, 306, 343","1599, 219, 476","1653, 43, 1433","556, 256, 1746","977, 118, 5"
1542,1680,386,50,"587, 466, 165","1276, 713, 10","595, 699, 279","631, 1258, 132","932, 857, 364","941, 388, 8","1352, 878, 127","664, 1337, 207","345, 273, 126","1188, 1074, 94","421, 271, 306","1173, 1349, 338","151, 583, 23","1480, 431, 302","930, 1446, 85","1524, 1595, 191","168, 361, 1","1361, 435, 341","14, 167, 6","658, 941, 69","682, 616, 140","64, 930, 359","1047, 1354, 364","80, 1527, 141","1314, 511, 123","8, 967, 190","1248, 559, 258","404, 710, 169","488, 490, 258","173, 740, 25","1256, 247, 162","199, 1144, 327","472, 1675, 199","1177, 114, 364","1271, 166, 279","103, 1133, 255","592, 703, 202","870, 73, 8","61, 508, 108","978, 1504, 126","37, 1205, 195","77, 1348, 284","279, 42, 347","1164, 505, 81","1531, 183, 165","1148, 924, 306","468, 1001, 52","405, 714, 353","1047, 106, 252","263, 1142, 27"
1482,397,1699,50,"1168, 278, 529","308, 288, 78","639, 252, 674","38, 41, 1689","673, 299, 135","1132, 74, 1639","1050, 26, 434","1280, 222, 1548","530, 136, 736","1168, 116, 1524","1075, 390, 342","1007, 178, 956","49, 47, 233","1004, 391, 213","797, 48, 127","362, 121, 560","809, 259, 1699","1139, 131, 1263","1033, 396, 530","449, 181, 1621","1084, 145, 80","345, 175, 857","577, 383, 395","584, 92, 1386","1301, 342, 1539","1027, 319, 1516","621, 153, 446","686, 247, 161","17, 211, 1308","1331, 76, 1382","1264, 210, 1592","373, 164, 300","53, 360, 58","88, 298, 447","955, 8, 1484","837, 393, 765","261, 380, 485","235, 60, 989","996, 17, 1475","489, 364, 1289","56, 226, 377","1246, 365, 1261","449, 249, 438","1262, 235, 254","854, 85, 1517","1057, 142, 1658","448, 309, 379","92, 166, 306","574, 137, 1296","418, 32, 182"
352,1525,1858,50,"12, 1041, 521","21, 620, 498","206, 1423, 582","44, 923, 1253","176, 750, 1072","297, 1429, 1719","40, 1279, 873","297, 1419, 1095","113, 1354, 197","271, 130, 81","163, 96, 133","110, 1505, 1318","17, 1261, 38","214, 870, 1794","302, 1224, 1560","258, 284, 450","157, 1252, 1553","197, 1305, 102","48, 1198, 815","329, 358, 1764","113, 1482, 565","174, 812, 1008","24, 200, 1792","106, 645, 1244","20, 268, 249","328, 94, 1181","170, 645, 401","345, 893, 1301","277, 1364, 1396","66, 1273, 877","176, 247, 723","311, 1334, 1815","232, 1115, 713","61, 225, 1612","67, 386, 1661","349, 8, 1264","105, 1211, 1785","122, 1187, 759","29, 968, 212","193, 174, 1520","274, 384, 1355","154, 1264, 1500","197, 1034, 356","120, 1098, 663","291, 387, 1846","237, 767, 306","221, 1449, 798","98, 346, 1671","311, 902, 220","138, 660, 1829"
1087,477,1927,50,"344, 58, 159","307, 457, 343","700, 149, 452","327, 352, 971","395, 271, 1582","561, 257, 870","49, 41, 772","403, 289, 1207","439, 13, 1311","212, 139, 525","826, 190, 1517","165, 95, 1022","3, 95, 933","52, 253, 1919","737, 396, 1754","617, 330, 467","928, 347, 1454","429, 298, 1029","709, 316, 893","697, 449, 497","848, 154, 982","1081, 12, 1525","344, 65, 672","62, 335, 233","48, 412, 378","725, 313, 1464","383, 417, 1369","408, 335, 1578","679, 327, 1521","214, 436, 794","1058, 233, 621","710, 208, 986","729, 205, 1791","1045, 80, 1661","282, 97, 793","475, 195, 491","84, 124, 608","985, 171, 142","807, 317, 978","1037, 185, 460","225, 148, 1184","724, 133, 22","834, 226, 1349","945, 364, 276","774, 61, 1297","1026, 65, 1356","347, 248, 722","240, 131, 993","202, 69, 909","840, 78, 1352"
1400,441,1619,50,"637, 206, 953","163, 128, 218","639, 154, 1201","511, 71, 219","405, 198, 735","820, 114, 46","847, 153, 188","64, 22, 644","408, 296, 247","1150, 312, 360","319, 182, 1065","914, 280, 12","1060, 358, 303","947, 283, 1108","351, 155, 1218","1068, 267, 93","374, 68, 912","1076, 45, 1127","645, 371, 188","507, 187, 1512","1288, 291, 480","617, 346, 1356","1122, 29, 323","48, 217, 1027","823, 388, 802","1059, 130, 933","297, 235, 696","1313, 146, 1140","431, 232, 370","771, 317, 829","750, 267, 379","774, 197, 1346","1253, 19, 476","375, 109, 1349","208, 252, 856","596, 253, 1164","920, 56, 1599","1259, 142, 845","923, 288, 990","1230, 225, 342","28, 436, 996","1091, 2, 1199","444, 287, 907","336, 245, 406","1267, 270, 156","289, 413, 1039","353, 253, 1281","846, 426, 281","354, 103, 662","1393, 143, 376"
1614,1736,356,50,"1015, 1712, 111","957, 780, 8","292, 493, 349","9, 1168, 108","919, 1312, 74","582, 1730, 89","1349, 967, 231","1214, 969, 46","1596, 1381, 83","825, 227, 184","822, 24, 233","1058, 548, 218","1469, 990, 262","1290, 1353, 147","654, 1234, 238","1188, 10, 34","1276, 1396, 27","1444, 865, 35","586, 388, 83","1406, 1565, 92","1389, 1240, 355","1104, 259, 142","1451, 434, 142","309, 260, 198","342, 979, 156","85, 1131, 276","708, 1385, 235","515, 1673, 45","325, 177, 206","312, 477, 102","422, 1309, 5","591, 350, 95","739, 1044, 345","711, 247, 316","1100, 536, 34","1252, 1194, 113","343, 1466, 7","272, 807, 261","1310, 241, 225","1083, 1075, 70","156, 1468, 175","458, 677, 37","361, 735, 37","103, 1636, 237","889, 1659, 100","84, 668, 83","324, 1481, 356","27, 870, 203","236, 304, 93","125, 345, 149"
740,731,1916,50,"506, 9, 893","343, 324, 287","160, 252, 672","596, 393, 84","552, 550, 1375","379, 475, 620","162, 474, 893","153, 431, 539","633, 229, 1559","366, 421, 705","681, 477, 963","607, 138, 1642","276, 26, 833","506, 493, 1027","613, 405, 1226","267, 106, 1143","254, 638, 878","126, 87, 1348","226, 225, 718","42, 649, 1480","111, 388, 869","623, 165, 660","501, 721, 1154","554, 297, 1640","94, 685, 1042","561, 163, 856","228, 229, 1318","320, 103, 222","683, 666, 286","645, 312, 92","303, 39, 201","288, 226, 225","623, 380, 13","312, 158, 263","549, 72, 804","158, 53, 1855","428, 359, 972","147, 177, 1051","620, 263, 756","575, 444, 762","634, 722, 1319","371, 158, 680","138, 327, 1167","604, 319, 137","222, 335, 339","108, 133, 362","429, 11, 867","336, 281, 1609","541, 294, 1502","218, 402, 147"
429,1672,1394,50,"128, 621, 712","159, 1306, 538","351, 1246, 319","167, 1227, 13","411, 6, 713","393, 636, 501","411, 329, 789","191, 288, 1211","406, 1101, 900","155, 338, 893","55, 1055, 107","122, 978, 125","400, 1508, 435","83, 395, 1055","360, 468, 1347","203, 1235, 1104","281, 1361, 54","101, 1105, 50","54, 842, 377","193, 1142, 322","384, 1513, 1198","383, 186, 956","364, 1582, 40","277, 539, 474","84, 754, 1283","76, 558, 194","126, 145, 753","174, 1203, 770","406, 28, 23","427, 1561, 454","377, 936, 353","5, 493, 924","175, 1381, 1047","133, 1571, 336","196, 729, 482","415, 505, 1133","33, 1479, 803","321, 1595, 1163","277, 995, 194","11, 411, 884","306, 1120, 222","211, 282, 1316","22, 216, 115","352, 1040, 1112","133, 1580, 1188","427, 434, 928","207, 657, 1181","30, 797, 175","219, 1530, 187","210, 351, 1138"
988,1244,813,50,"956, 1092, 267","225, 840, 278","489, 710, 141","238, 1148, 507","246, 1017, 18","971, 641, 394","496, 455, 514","727, 920, 372","547, 963, 808","722, 215, 369","43, 1102, 122","411, 126, 747","350, 409, 748","495, 668, 154","248, 329, 807","454, 343, 693","709, 921, 644","209, 1228, 247","762, 523, 202","815, 529, 657","95, 803, 596","49, 348, 471","504, 909, 145","652, 217, 608","448, 969, 447","349, 1168, 118","599, 698, 729","205, 480, 182","138, 1150, 230","552, 401, 199","44, 117, 609","384, 703, 420","744, 4, 291","876, 1182, 755","423, 1018, 666","443, 663, 194","681, 802, 227","544, 1049, 198","632, 852, 58","759, 579, 140","186, 956, 691","706, 1034, 84","348, 1154, 337","250, 1229, 792","468, 687, 740","132, 491, 17","881, 773, 812","88, 761, 166","153, 765, 1","418, 803, 22"
705,1136,1248,50,"667, 621, 1020","99, 803, 108","382, 496, 356","404, 1071, 946","212, 929, 492","686, 90, 444","461, 1094, 884","641, 57, 742","229, 185, 85","384, 717, 347","655, 1055, 460","544, 635, 219","135, 1093, 525","149, 328, 508","695, 487, 835","237, 935, 547","651, 461, 1174","180, 428, 360","653, 352, 153","90, 443, 1097","391, 593, 108","127, 1050, 423","699, 263, 705","178, 678, 1125","502, 136, 274","28, 86, 1158","63, 106, 274","648, 1120, 1168","683, 991, 448","481, 1026, 827","172, 319, 561","705, 859, 255","245, 480, 628","64, 844, 588","662, 376, 6","335, 898, 756","75, 250, 58","674, 142, 951","427, 170, 640","260, 292, 1015","313, 56, 224","212, 90, 1202","156, 468, 399","117, 613, 1132","379, 386, 195","641, 775, 1179","140, 484, 485","23, 826, 230","559, 168, 1048","620, 596, 243"
319,1599,1958,50,"100, 381, 1827","141, 1246, 1682","14, 415, 1137","214, 119, 410","195, 200, 668","214, 799, 1538","232, 657, 409","229, 269, 1042","230, 1328, 514","211, 171, 732","302, 1594, 613","13, 666, 1170","138, 893, 341","152, 946, 543","247, 607, 241","234, 1017, 210","83, 1435, 813","256, 787, 1271","292, 1479, 1704","63, 571, 1499","12, 609, 199","109, 171, 1128","165, 1251, 598","20, 1299, 1419","98, 1133, 991","242, 17, 1712","36, 907, 400","166, 1550, 598","188, 1160, 257","256, 504, 1633","233, 712, 1278","218, 753, 1866","136, 1581, 741","98, 1344, 1912","281, 1300, 1921","163, 194, 1612","186, 1054, 901","185, 119, 468","198, 552, 632","192, 1313, 9","158, 1429, 630","174, 1324, 1408","259, 220, 556","277, 1468, 1722","260, 854, 1352","263, 337, 1778","125, 659, 1563","48, 1151, 1813","298, 312, 1315","150, 542, 160"
1983,263,1917,50,"1542, 98, 1495","106, 13, 175","1131, 129, 121","1877, 110, 704","1660, 79, 1892","225, 230, 265","237, 36, 310","1923, 121, 1395","1683, 251, 479","1392, 193, 980","126, 100, 715","878, 96, 649","404, 144, 771","741, 18, 744","1805, 205, 1756","130, 23, 244","1067, 199, 1328","1601, 253, 916","1885, 227, 1055","1120, 167, 676","610, 11, 1591","1894, 169, 7","265, 83, 1758","1510, 133, 1891","1195, 100, 697","1702, 258, 119","1468, 225, 336","841, 198, 1551","219, 213, 1086","806, 160, 176","1055, 139, 1612","926, 207, 1237","198, 103, 433","1059, 257, 1914","63, 162, 703","1217, 247, 85","1582, 20, 1462","60, 30, 367","1338, 119, 616","427, 140, 847","1870, 40, 787","666, 167, 3","1201, 68, 1482","777, 119, 689","15, 248, 1846","484, 47, 1508","316, 202, 1290","1872, 144, 467","45, 204, 1149","439, 254, 91"
360,1562,1727,50,"209, 370, 1347","3, 1119, 1185","326, 906, 955","335, 263, 285","75, 463, 1389","62, 1206, 245","71, 536, 1653","33, 810, 1563","159, 440, 1110","357, 81, 1623","302, 1175, 653","356, 995, 379","18, 94, 536","332, 620, 1310","164, 384, 915","261, 172, 1550","139, 394, 1346","199, 943, 587","323, 1332, 1206","344, 130, 679","63, 314, 1318","164, 34, 1266","147, 928, 36","143, 593, 357","294, 1062, 1595","28, 1369, 741","286, 113, 1184","312, 1246, 532","118, 1154, 974","131, 567, 124","122, 737, 1223","75, 1247, 1341","138, 400, 484","295, 1378, 1247","27, 592, 272","345, 575, 778","152, 23, 1195","77, 1052, 683","57, 502, 1476","40, 575, 917","45, 181, 1220","118, 825, 106","222, 324, 26","315, 600, 736","166, 1344, 530","240, 1362, 16","4, 1063, 1440","87, 1375, 785","253, 197, 70","256, 544, 407"
1572,368,1725,50,"368, 295, 1","873, 108, 600","1550, 8, 1238","218, 44, 990","324, 272, 784","231, 149, 1516","529, 205, 708","306, 20, 642","399, 90, 1653","1221, 2, 685","975, 202, 243","895, 346, 1087","452, 140, 58","331, 311, 1519","1168, 346, 767","34, 110, 1673","972, 102, 513","896, 356, 407","891, 235, 882","960, 361, 456","222, 119, 1335","879, 23, 1492","1063, 28, 1071","744, 301, 312","751, 241, 1517","968, 232, 1683","294, 173, 375","892, 207, 428","1384, 47, 1674","459, 200, 1715","165, 231, 915","917, 12, 647","222, 207, 1135","1332, 174, 579","665, 164, 1308","593, 366, 1405","370, 116, 1612","827, 310, 810","99, 273, 1232","735, 17, 428","1317, 219, 952","1380, 191, 1321","140, 264, 972","711, 30, 64","283, 341, 157","962, 168, 373","1035, 354, 1144","1470, 171, 228","672, 29, 654","812, 271, 1254"
1852,471,1146,50,"1555, 213, 818","660, 67, 72","222, 79, 287","1050, 32, 414","908, 223, 1130","619, 104, 331","1305, 171, 765","924, 68, 1081","1364, 37, 425","862, 76, 900","967, 51, 753","953, 197, 1076","446, 126, 768","870, 216, 297","272, 276, 1099","1435, 340, 839","970, 296, 608","1308, 296, 112","1286, 27, 93","278, 356, 479","1549, 350, 798","239, 234, 593","1500, 65, 72","1034, 126, 352","951, 130, 48","734, 29, 510","24, 271, 245","1521, 83, 1054","201, 335, 372","408, 435, 176","358, 198, 407","1197, 86, 760","555, 409, 501","83, 95, 313","223, 223, 146","1607, 57, 298","871, 443, 763","863, 226, 751","1344, 446, 528","1226, 153, 800","719, 266, 976","959, 135, 1006","1732, 419, 942","1191, 138, 935","916, 408, 415","1376, 406, 121","1540, 299, 760","2, 30, 358","156, 93, 257","510, 382, 617"