36,117,474,50,"22, 28, 197","2, 100, 257","30, 60, 3","16, 49, 219","15, 70, 137","28, 105, 372","24, 115, 14","21, 77, 133","29, 53, 195","10, 117, 328","12, 42, 386","16, 90, 427","5, 113, 225","6, 78, 193","9, 38, 197","25, 102, 350","25, 16, 445","14, 112, 399","16, 50, 162","7, 21, 398","15, 47, 171","2, 89, 355","19, 8, 424","10, 26, 259","4, 84, 286","25, 72, 334","36, 60, 278","22, 22, 154","8, 62, 318","4, 3, 260","33, 49, 255","16, 2, 145","10, 103, 343","18, 114, 313","29, 28, 305","9, 65, 388","22, 61, 109","29, 72, 359","29, 12, 207","26, 87, 222","34, 58, 95","18, 115, 162","28, 20, 50","15, 9, 190","17, 61, 36","1, 22, 23","9, 8, 327","12, 3, 130","5, 8, 274","24, 115, 266"
40,465,107,50,"37, 208, 16","30, 349, 50","27, 349, 51","15, 460, 75","11, 222, 14","10, 254, 15","20, 137, 102","11, 369, 75","20, 225, 72","39, 354, 33","18, 101, 61","34, 119, 85","6, 308, 16","16, 175, 86","34, 358, 102","16, 11, 76","18, 59, 54","12, 187, 32","40, 14, 16","7, 56, 39","36, 375, 41","10, 155, 97","37, 241, 21","23, 383, 32","35, 193, 30","11, 449, 57","21, 141, 27","32, 181, 62","29, 154, 81","1, 2, 58","27, 238, 5","35, 290, 77","17, 52, 99","6, 182, 39","7, 305, 6","32, 181, 55","9, 245, 37","7, 314, 16","6, 193, 16","24, 227, 50","35, 130, 24","14, 421, 80","36, 108, 69","19, 455, 104","27, 109, 5","30, 427, 88","40, 2, 51","20, 188, 24","32, 402, 92","32, 42, 17"
70,443,64,50,"47, 412, 19","32, 200, 48","36, 27, 17","65, 315, 1","44, 25, 44","63, 42, 53","27, 137, 32","51, 398, 45","17, 152, 38","12, 160, 37","44, 133, 34","28, 303, 10","9, 324, 6","13, 327, 26","69, 113, 31","38, 145, 35","54, 235, 62","70, 225, 24","65, 255, 39","53, 120, 4","17, 22, 9","18, 262, 6","5, 401, 18","23, 108, 42","36, 167, 17","15, 30, 25","47, 243, 33","36, 82, 28","65, 355, 8","40, 324, 5","38, 200, 50","18, 259, 17","24, 111, 50","53, 331, 44","56, 55, 29","42, 97, 16","3, 181, 35","25, 291, 2","32, 352, 32","69, 373, 57","44, 369, 44","17, 382, 59","60, 406, 37","8, 201, 34","24, 437, 25","5, 423, 44","26, 204, 63","8, 341, 60","56, 376, 40","34, 367, 13"
28,252,274,50,"23, 66, 19","15, 200, 149","5, 166, 247","19, 18, 219","17, 112, 106","3, 52, 111","11, 128, 79","8, 52, 170","6, 149, 15","24, 213, 169","20, 230, 73","18, 124, 47","14, 251, 179","6, 66, 72","14, 180, 230","21, 100, 87","9, 215, 100","12, 156, 134","1, 55, 88","16, 230, 273","9, 229, 238","9, 27, 12","22, 135, 9","10, 67, 274","27, 238, 182","13, 107, 66","23, 153, 47","17, 231, 191","12, 191, 192","15, 194, 185","24, 210, 45","22, 246, 244","26, 74, 124","3, 87, 161","11, 183, 226","6, 143, 195","8, 12, 159","21, 215, 147","9, 141, 29","14, 172, 230","10, 30, 87","28, 15, 230","22, 98, 104","26, 130, 268","1, 213, 63","5, 38, 151","20, 18, 30","1, 231, 269","3, 17, 91","4, 250, 150"
68,257,114,50,"26, 165, 22","24, 251, 55","67, 186, 21","44, 90, 92","52, 54, 99","45, 92, 95","8, 116, 110","24, 102, 88","29, 236, 80","18, 156, 81","66, 2, 69","64, 11, 20","19, 81, 105","10, 115, 77","14, 202, 24","55, 115, 81","34, 21, 18","48, 120, 79","27, 3, 112","25, 185, 49","43, 188, 103","45, 191, 63","62, 212, 60","19, 173, 46","11, 11, 17","27, 146, 72","32, 25, 23","68, 221, 22","18, 5, 3","18, 65, 57","10, 5, 30","2, 55, 101","17, 190, 40","56, 177, 4","35, 193, 20","22, 11, 37","5, 124, 35","55, 103, 10","59, 254, 21","29, 228, 14","27, 98, 106","55, 108, 46","15, 245, 7","39, 246, 87","37, 84, 2","67, 68, 73","42, 65, 74","31, 95, 5","6, 214, 26","5, 152, 73"
113,57,309,50,"59, 42, 93","68, 5, 154","95, 55, 189","33, 4, 110","4, 51, 235","27, 20, 121","28, 12, 61","86, 9, 247","77, 4, 284","18, 13, 211","39, 33, 98","26, 49, 290","52, 55, 94","95, 6, 210","50, 8, 266","1, 41, 96","17, 24, 71","40, 20, 61","93, 24, 240","40, 25, 6","25, 18, 202","22, 42, 303","100, 21, 164","33, 24, 222","22, 22, 171","46, 14, 64","9, 13, 56","21, 54, 237","32, 18, 270","36, 2, 103","57, 7, 173","76, 10, 205","12, 1, 264","50, 20, 181","78, 44, 258","23, 19, 173","62, 14, 258","8, 28, 273","25, 32, 300","41, 16, 188","102, 42, 208","23, 42, 100","72, 17, 95","2, 8, 305","15, 41, 263","56, 22, 21","41, 6, 8","36, 18, 16","39, 25, 246","8, 25, 250"
85,140,167,50,"3, 110, 99","18, 138, 78","2, 78, 103","73, 120, 48","13, 124, 75","66, 33, 146","75, 5, 114","10, 100, 8","20, 24, 9","27, 8, 100","52, 42, 146","2, 71, 13","28, 23, 120","11, 32, 140","63, 105, 72","82, 117, 136","44, 53, 61","34, 120, 33","8, 109, 32","70, 62, 163","16, 52, 14","64, 80, 158","17, 2, 132","46, 48, 44","45, 2, 146","19, 17, 127","67, 85, 52","20, 127, 31","45, 108, 111","79, 91, 2","3, 99, 128","72, 56, 146","2, 83, 56","9, 19, 64","69, 110, 79","13, 113, 34","25, 128, 133","75, 130, 118","65, 29, 6","56, 77, 150","8, 128, 1","26, 94, 26","20, 67, 16","53, 33, 107","51, 14, 86","15, 21, 148","14, 45, 64","35, 123, 25","63, 21, 19","26, 39, 83"
21,214,438,50,"1, 114, 328","16, 25, 12","3, 2, 156","15, 78, 261","20, 189, 297","14, 119, 82","15, 26, 176","4, 195, 73","18, 44, 86","12, 15, 177","9, 85, 31","18, 145, 102","3, 99, 158","17, 204, 53","6, 23, 183","9, 121, 215","4, 209, 74","1, 214, 266","17, 85, 350","8, 205, 7","6, 14, 47","12, 91, 247","16, 124, 368","9, 213, 41","19, 205, 38","20, 85, 61","3, 107, 434","17, 108, 43","18, 191, 40","11, 53, 303","5, 77, 243","11, 50, 427","1, 195, 404","15, 22, 177","17, 112, 429","21, 213, 81","4, 194, 221","6, 180, 87","18, 122, 365","21, 14, 359","16, 129, 393","13, 62, 348","5, 135, 16","3, 158, 226","6, 192, 168","14, 13, 24","19, 82, 233","21, 73, 304","15, 138, 266","1, 100, 69"
31,406,155,50,"15, 137, 24","23, 56, 139","7, 328, 86","17, 32, 137","8, 181, 34","5, 157, 88","4, 151, 139","17, 240, 150","18, 282, 14","13, 61, 101","16, 196, 141","19, 26, 48","4, 283, 144","24, 303, 11","4, 274, 14","31, 15, 65","2, 346, 128","19, 40, 112","4, 31, 118","26, 388, 65","15, 87, 49","15, 211, 71","14, 15, 12","3, 254, 20","28, 330, 98","9, 183, 16","6, 205, 36","1, 83, 140","24, 154, 46","28, 39, 68","29, 278, 85","31, 92, 5","31, 340, 78","25, 104, 111","21, 275, 62","28, 83, 155","18, 244, 110","23, 93, 85","3, 234, 112","15, 293, 103","1, 311, 57","31, 229, 104","1, 48, 153","28, 295, 155","3, 337, 107","26, 93, 144","28, 4, 94","15, 14, 14","25, 135, 82","5, 347, 46"
19,409,255,50,"10, 172, 27","6, 124, 76","6, 55, 181","13, 275, 240","13, 211, 117","18, 356, 14","1, 124, 177","18, 342, 239","3, 329, 212","5, 277, 233","16, 76, 128","4, 79, 165","1, 274, 22","18, 296, 246","17, 387, 24","19, 351, 108","4, 171, 156","15, 28, 166","16, 326, 143","4, 341, 158","11, 143, 63","12, 136, 91","5, 13, 113","15, 30, 30","2, 128, 24","13, 15, 151","6, 225, 90","2, 197, 210","9, 56, 59","19, 187, 180","10, 233, 208","1, 340, 102","10, 392, 22","1, 64, 188","8, 386, 137","13, 107, 162","2, 273, 70","8, 404, 227","18, 305, 135","8, 203, 107","13, 403, 132","15, 244, 229","6, 200, 183","17, 216, 168","4, 406, 50","2, 349, 224","10, 352, 126","5, 103, 158","8, 84, 58","3, 189, 213"
20,252,392,50,"6, 119, 343","17, 88, 28","12, 92, 82","15, 135, 184","10, 174, 265","3, 172, 251","3, 174, 250","18, 102, 181","19, 210, 206","17, 231, 59","4, 77, 251","9, 38, 12","20, 30, 377","15, 235, 330","17, 115, 280","8, 186, 157","8, 146, 14","14, 134, 362","7, 63, 176","11, 235, 350","20, 143, 267","20, 17, 334","10, 58, 201","17, 23, 218","2, 210, 94","2, 168, 187","8, 41, 207","3, 36, 367","8, 24, 139","16, 150, 179","16, 237, 164","19, 41, 102","14, 160, 144","11, 85, 85","17, 50, 116","4, 57, 307","9, 49, 143","18, 197, 31","15, 118, 68","2, 181, 12","1, 208, 343","7, 15, 227","11, 251, 24","7, 44, 261","10, 85, 320","14, 80, 119","20, 32, 127","17, 160, 25","4, 53, 209","3, 10, 271"
14,310,437,50,"1, 218, 159","14, 298, 194","1, 226, 429","2, 21, 409","6, 95, 389","1, 103, 316","11, 248, 108","12, 238, 285","9, 151, 111","12, 139, 334","12, 169, 346","14, 217, 76","5, 6, 425","8, 102, 431","9, 26, 48","10, 79, 256","9, 116, 289","11, 160, 314","14, 37, 355","7, 279, 282","2, 148, 30","5, 222, 240","6, 163, 254","2, 146, 315","8, 287, 301","12, 72, 3","7, 101, 38","8, 230, 14","6, 183, 324","13, 242, 133","13, 58, 384","10, 194, 331","3, 73, 160","2, 236, 177","3, 161, 98","12, 171, 124","11, 290, 78","11, 126, 407","3, 202, 110","1, 232, 56","13, 130, 385","4, 306, 209","11, 224, 85","2, 19, 432","13, 98, 298","7, 141, 384","1, 105, 275","2, 28, 250","10, 86, 389","13, 152, 197"
23,181,464,50,"18, 143, 322","18, 4, 440","5, 53, 145","6, 78, 171","9, 135, 309","20, 115, 338","18, 68, 162","14, 41, 48","9, 38, 414","18, 132, 94","16, 119, 42","11, 172, 373","17, 168, 374","6, 61, 377","3, 39, 70","16, 147, 317","8, 56, 182","7, 136, 215","12, 156, 247","16, 89, 383","9, 91, 101","22, 7, 376","23, 170, 336","10, 32, 188","10, 180, 427","19, 100, 12","12, 177, 453","3, 166, 104","22, 9, 89","19, 99, 367","10, 47, 443","3, 2, 428","5, 45, 331","1, 83, 9","19, 76, 383","1, 34, 289","23, 176, 228","1, 51, 389","8, 90, 93","20, 52, 129","14, 6, 124","18, 167, 42","6, 63, 7","8, 22, 96","6, 178, 224","13, 52, 46","20, 164, 198","2, 72, 416","19, 158, 126","11, 102, 30"
41,265,180,50,"29, 117, 177","28, 234, 31","29, 163, 100","30, 230, 174","5, 69, 76","37, 30, 109","37, 109, 40","39, 197, 103","19, 147, 131","39, 260, 107","2, 79, 91","27, 77, 81","1, 25, 123","39, 208, 60","29, 181, 3","35, 173, 92","11, 128, 141","15, 21, 152","31, 64, 66","37, 156, 101","4, 60, 55","30, 228, 70","4, 233, 143","5, 73, 7","17, 63, 139","7, 141, 94","1, 159, 54","35, 235, 86","8, 238, 137","4, 30, 30","28, 165, 89","28, 144, 167","37, 248, 139","19, 16, 93","4, 29, 128","2, 117, 142","22, 160, 2","29, 202, 34","12, 253, 176","34, 210, 118","14, 187, 15","10, 72, 159","40, 136, 33","3, 233, 150","11, 135, 12","14, 163, 32","20, 90, 141","4, 54, 178","37, 185, 66","38, 150, 135"
34,406,143,50,"23, 197, 20","14, 288, 89","23, 255, 32","28, 297, 43","16, 212, 15","3, 249, 122","14, 207, 11","1, 199, 46","18, 228, 78","23, 244, 108","14, 97, 64","18, 108, 135","12, 256, 34","3, 146, 112","34, 102, 83","29, 375, 50","30, 70, 80","14, 128, 82","24, 332, 37","10, 258, 75","7, 194, 113","9, 280, 78","25, 337, 20","20, 396, 7","11, 167, 116","17, 23, 143","29, 191, 91","12, 324, 9","1, 26, 15","34, 136, 79","20, 344, 96","27, 389, 90","27, 300, 20","28, 124, 51","6, 358, 107","20, 219, 126","34, 350, 114","8, 369, 72","31, 228, 1","33, 172, 20","8, 151, 15","1, 48, 63","26, 147, 123","32, 224, 20","27, 274, 68","9, 269, 89","15, 55, 50","33, 195, 65","20, 159, 60","3, 309, 64"
46,400,107,50,"30, 149, 74","24, 170, 65","36, 197, 18","36, 231, 51","20, 374, 38","36, 85, 12","43, 384, 68","33, 214, 39","18, 340, 36","23, 390, 102","16, 49, 87","38, 328, 92","34, 122, 37","9, 172, 94","18, 321, 107","29, 347, 84","16, 130, 40","9, 71, 1","45, 321, 81","3, 25, 16","35, 326, 63","23, 217, 96","42, 311, 21","39, 138, 101","44, 106, 25","18, 177, 73","5, 286, 20","29, 15, 71","35, 255, 11","26, 333, 88","35, 397, 30","26, 142, 38","29, 121, 6","25, 83, 59","19, 98, 38","43, 247, 102","39, 328, 71","17, 66, 19","19, 143, 54","10, 297, 50","28, 396, 71","32, 115, 36","46, 41, 6","12, 362, 55","29, 122, 65","44, 255, 74","27, 41, 36","36, 10, 82","46, 164, 19","39, 164, 10"
13,446,338,50,"2, 252, 258","2, 287, 316","9, 390, 279","13, 334, 322","2, 330, 213","1, 207, 276","9, 166, 213","11, 160, 164","7, 391, 302","7, 295, 210","7, 242, 45","11, 149, 305","12, 173, 210","9, 209, 49","3, 52, 9","11, 238, 239","1, 193, 293","12, 145, 298","11, 101, 178","10, 341, 107","3, 277, 101","6, 30, 76","1, 403, 60","10, 105, 309","5, 240, 307","8, 216, 2","4, 21, 252","1, 206, 211","4, 203, 145","3, 87, 69","1, 64, 308","1, 133, 204","10, 248, 260","5, 293, 15","6, 59, 248","6, 380, 211","6, 207, 154","10, 432, 132","9, 305, 321","11, 172, 233","1, 424, 95","10, 70, 266","13, 262, 274","5, 148, 221","8, 119, 77","5, 82, 185","3, 196, 62","4, 217, 194","9, 144, 153","8, 82, 86"
200,172,58,50,"106, 130, 19","83, 79, 50","172, 159, 25","186, 133, 57","3, 67, 26","29, 88, 48","158, 22, 46","7, 148, 56","8, 137, 15","159, 50, 31","31, 150, 49","182, 1, 9","65, 163, 55","80, 156, 28","161, 95, 32","104, 106, 25","7, 165, 22","134, 167, 48","65, 155, 18","22, 128, 29","127, 141, 21","171, 172, 13","149, 52, 38","50, 93, 25","25, 169, 13","127, 143, 31","175, 4, 54","194, 7, 17","68, 94, 17","111, 23, 28","52, 140, 38","86, 102, 10","105, 66, 37","99, 153, 49","172, 124, 18","80, 54, 4","33, 2, 56","53, 86, 49","158, 168, 2","24, 142, 33","157, 148, 37","188, 125, 32","119, 97, 39","186, 45, 35","114, 16, 54","200, 157, 20","167, 31, 49","64, 11, 58","37, 155, 2","127, 67, 48"
118,40,422,50,"74, 24, 310","70, 11, 181","109, 35, 295","22, 12, 79","110, 23, 302","56, 1, 60","67, 21, 339","112, 1, 109","89, 25, 68","47, 18, 186","62, 39, 400","42, 35, 243","84, 25, 341","58, 24, 27","73, 26, 78","111, 9, 100","43, 34, 252","39, 19, 6","30, 11, 352","36, 9, 310","84, 32, 14","97, 28, 379","18, 1, 174","2, 9, 372","107, 11, 240","106, 21, 126","13, 31, 354","14, 24, 266","103, 20, 417","64, 39, 382","73, 27, 270","101, 39, 331","34, 32, 155","22, 8, 242","60, 28, 295","104, 7, 371","29, 2, 286","46, 40, 63","54, 33, 73","118, 31, 317","106, 22, 184","109, 24, 141","27, 6, 108","85, 18, 362","113, 17, 301","20, 15, 307","104, 34, 186","13, 36, 185","22, 28, 330","70, 25, 204"
10,400,482,50,"9, 58, 94","1, 38, 351","8, 273, 50","5, 267, 194","4, 144, 156","2, 139, 123","4, 347, 251","6, 251, 357","2, 236, 13","7, 169, 364","7, 271, 174","4, 326, 431","2, 213, 166","9, 278, 62","8, 61, 397","5, 347, 291","4, 345, 336","10, 336, 302","9, 361, 470","1, 18, 305","8, 33, 365","5, 81, 131","8, 144, 90","5, 370, 15","8, 242, 369","8, 341, 475","5, 13, 432","1, 118, 281","10, 187, 4","10, 48, 283","6, 162, 274","6, 171, 141","10, 69, 202","1, 296, 68","4, 202, 364","4, 279, 24","1, 172, 270","5, 67, 166","4, 275, 195","5, 366, 66","9, 293, 59","10, 279, 355","1, 96, 329","8, 63, 186","2, 305, 177","4, 227, 152","6, 116, 6","7, 398, 467","9, 262, 23","10, 22, 205"
66,210,144,50,"11, 180, 55","47, 112, 8","11, 74, 117","63, 95, 2","4, 15, 64","4, 116, 103","44, 135, 110","55, 126, 125","32, 160, 80","56, 123, 66","16, 67, 49","54, 95, 33","63, 3, 19","60, 82, 31","44, 55, 41","61, 127, 97","27, 82, 7","19, 205, 27","12, 172, 83","50, 65, 38","28, 137, 73","65, 125, 79","53, 139, 97","20, 36, 81","30, 143, 101","18, 209, 70","18, 110, 83","30, 194, 8","64, 54, 2","6, 72, 98","52, 22, 58","36, 63, 6","7, 74, 112","2, 51, 53","5, 193, 18","54, 22, 51","17, 195, 119","7, 16, 131","66, 166, 99","39, 164, 26","36, 10, 37","16, 20, 28","64, 140, 43","19, 27, 113","59, 87, 140","41, 10, 113","42, 187, 66","55, 12, 42","43, 179, 126","13, 184, 37"
238,399,21,50,"196, 331, 9","82, 357, 19","144, 369, 9","146, 260, 3","237, 12, 17","54, 376, 12","213, 158, 4","20, 210, 21","110, 151, 16","160, 389, 21","232, 352, 6","226, 166, 6","113, 162, 8","217, 355, 2","114, 197, 12","194, 369, 19","207, 79, 21","214, 233, 10","200, 338, 8","82, 38, 17","193, 1, 1","223, 186, 15","32, 331, 14","86, 398, 11","174, 187, 7","78, 296, 5","111, 174, 3","169, 44, 13","102, 11, 19","102, 110, 8","86, 106, 7","81, 105, 8","165, 256, 8","95, 116, 4","129, 297, 20","73, 217, 18","187, 75, 11","152, 280, 10","129, 369, 4","55, 111, 1","143, 168, 21","141, 20, 18","4, 334, 3","49, 206, 9","53, 209, 1","9, 276, 6","201, 279, 16","232, 53, 11","150, 301, 2","34, 348, 18"
57,126,274,50,"45, 34, 12","9, 102, 241","49, 122, 165","54, 30, 233","22, 58, 135","18, 68, 233","51, 16, 115","9, 74, 194","48, 86, 263","53, 123, 144","22, 102, 270","37, 95, 242","12, 110, 255","29, 117, 132","11, 24, 130","30, 21, 202","56, 63, 84","55, 14, 252","34, 49, 135","44, 49, 21","52, 74, 224","45, 24, 143","31, 12, 62","56, 87, 219","23, 119, 185","11, 44, 237","10, 97, 111","29, 13, 227","6, 101, 26","50, 31, 127","19, 101, 132","31, 36, 26","27, 11, 47","27, 57, 240","25, 28, 147","17, 124, 13","10, 66, 125","18, 17, 133","30, 83, 47","26, 78, 108","15, 46, 251","22, 121, 58","8, 50, 191","28, 46, 86","47, 66, 257","52, 43, 202","20, 38, 208","3, 58, 265","12, 68, 44","9, 104, 121"
38,390,132,50,"28, 317, 104","17, 260, 69","7, 84, 131","20, 71, 63","14, 346, 118","33, 142, 105","2, 26, 102","7, 154, 17","26, 223, 54","8, 191, 71","10, 273, 96","2, 45, 26","4, 206, 67","26, 255, 114","12, 54, 34","28, 82, 70","1, 100, 24","36, 199, 41","24, 242, 68","20, 332, 21","3, 24, 92","27, 318, 26","25, 316, 82","19, 348, 121","13, 254, 108","34, 245, 64","23, 384, 3","36, 370, 90","30, 82, 101","27, 119, 85","1, 179, 58","6, 132, 121","26, 160, 120","20, 351, 87","2, 47, 47","28, 321, 31","13, 60, 104","28, 163, 12","20, 261, 14","14, 304, 57","29, 363, 3","1, 186, 6","29, 89, 43","1, 119, 12","8, 54, 102","35, 106, 82","9, 138, 94","3, 36, 2","22, 74, 131","25, 239, 105"
115,404,43,50,"6, 106, 40","29, 111, 37","87, 223, 35","6, 221, 27","77, 344, 10","66, 167, 29","44, 254, 18","103, 221, 20","97, 71, 34","85, 319, 40","93, 173, 38","53, 362, 3","50, 109, 29","60, 292, 7","28, 237, 5","87, 74, 11","94, 280, 10","4, 163, 16","2, 34, 23","49, 193, 17","65, 238, 23","44, 98, 33","38, 58, 28","58, 129, 21","107, 27, 34","112, 138, 41","8, 141, 23","20, 44, 36","25, 306, 41","5, 99, 9","60, 97, 17","45, 97, 37","27, 16, 3","45, 176, 9","87, 114, 24","28, 404, 16","1, 319, 8","23, 197, 21","58, 147, 17","66, 356, 12","19, 86, 5","72, 294, 27","6, 13, 13","23, 203, 19","84, 6, 26","25, 242, 26","17, 106, 18","13, 261, 34","64, 224, 9","38, 217, 40"
27,211,344,50,"5, 93, 247","1, 130, 312","5, 209, 277","19, 169, 291","1, 143, 152","13, 121, 314","15, 105, 269","22, 169, 171","19, 164, 103","26, 181, 314","11, 160, 308","5, 48, 185","21, 85, 211","14, 202, 48","25, 122, 329","3, 72, 51","23, 90, 73","2, 143, 278","13, 58, 154","26, 25, 225","5, 146, 282","13, 96, 215","23, 108, 150","1, 82, 225","12, 91, 78","14, 81, 27","3, 77, 173","27, 182, 240","1, 41, 192","11, 41, 95","9, 75, 236","18, 173, 324","27, 107, 47","6, 89, 138","21, 100, 50","22, 69, 22","6, 205, 206","1, 143, 226","22, 153, 273","20, 44, 261","12, 145, 25","4, 173, 22","26, 78, 91","26, 94, 229","5, 75, 157","19, 124, 13","25, 130, 50","1, 28, 14","27, 87, 139","25, 1, 52"
54,203,181,50,"34, 179, 50","18, 116, 10","50, 87, 130","31, 99, 21","38, 190, 49","24, 127, 67","3, 154, 167","19, 19, 122","21, 188, 31","7, 38, 164","6, 114, 121","31, 27, 114","18, 160, 21","17, 109, 53","35, 127, 1","25, 111, 36","2, 142, 165","49, 13, 74","14, 44, 117","7, 174, 165","40, 132, 37","8, 132, 96","24, 103, 26","15, 103, 166","32, 125, 83","36, 92, 79","31, 69, 47","10, 203, 24","17, 85, 36","7, 60, 134","17, 152, 67","5, 13, 123","42, 149, 21","20, 133, 22","49, 155, 157","10, 134, 164","2, 103, 139","15, 34, 157","38, 31, 141","2, 45, 105","6, 131, 161","47, 122, 70","30, 85, 88","44, 9, 139","35, 38, 174","43, 36, 93","48, 64, 33","24, 52, 170","39, 147, 100","13, 51, 39"
36,213,255,50,"24, 167, 52","32, 12, 37","16, 179, 254","33, 36, 159","33, 88, 46","27, 177, 230","20, 34, 142","24, 204, 78","21, 199, 193","4, 25, 26","20, 126, 31","17, 11, 133","20, 189, 57","22, 115, 42","9, 57, 90","10, 81, 40","3, 177, 97","10, 212, 41","15, 138, 217","18, 11, 50","10, 56, 116","30, 106, 30","14, 192, 105","4, 80, 131","21, 176, 217","22, 164, 95","4, 73, 87","28, 86, 194","8, 158, 74","5, 126, 155","11, 58, 234","7, 82, 40","10, 23, 5","20, 82, 90","18, 190, 8","24, 155, 22","8, 174, 189","27, 184, 3","4, 210, 142","33, 119, 183","16, 70, 133","10, 184, 141","1, 10, 139","28, 200, 136","13, 131, 19","14, 22, 190","10, 81, 99","11, 161, 174","31, 81, 231","25, 66, 243"
14,351,403,50,"8, 83, 264","14, 329, 177","4, 310, 395","14, 250, 376","13, 283, 233","7, 341, 148","4, 298, 300","13, 209, 338","5, 244, 70","8, 302, 269","2, 145, 26","7, 171, 389","8, 332, 346","10, 22, 122","4, 308, 145","14, 196, 47","11, 100, 330","14, 64, 16","9, 74, 290","7, 231, 119","6, 338, 109","2, 90, 357","4, 45, 236","13, 219, 239","7, 258, 150","14, 18, 302","14, 191, 74","9, 246, 85","14, 161, 389","8, 54, 349","8, 167, 155","11, 347, 284","9, 24, 292","2, 294, 396","14, 230, 251","12, 240, 54","6, 132, 126","6, 273, 162","13, 39, 253","6, 283, 340","9, 286, 396","9, 150, 277","10, 286, 219","2, 42, 295","11, 181, 339","2, 137, 217","6, 203, 286","13, 169, 307","8, 236, 298","8, 25, 49"
177,139,81,50,"133, 44, 71","74, 48, 47","141, 135, 10","115, 114, 65","65, 110, 64","89, 60, 55","7, 68, 31","22, 78, 54","114, 94, 26","106, 7, 2","133, 30, 56","137, 136, 25","119, 84, 37","112, 3, 52","131, 131, 71","39, 18, 76","156, 119, 36","56, 117, 39","101, 139, 6","5, 85, 21","107, 10, 18","149, 77, 62","129, 43, 69","137, 100, 29","122, 85, 77","35, 120, 50","144, 88, 39","94, 118, 72","13, 18, 26","121, 130, 5","141, 22, 16","168, 5, 77","143, 116, 66","33, 77, 57","120, 68, 16","57, 13, 3","169, 92, 56","86, 51, 37","155, 25, 50","6, 71, 32","46, 139, 48","16, 49, 40","43, 125, 13","87, 66, 2","7, 133, 56","14, 76, 14","152, 67, 38","54, 67, 45","154, 17, 13","33, 99, 17"
26,223,336,50,"4, 27, 18","10, 14, 300","15, 158, 114","18, 168, 327","10, 196, 102","7, 64, 261","5, 77, 93","2, 221, 334","21, 74, 99","14, 223, 98","6, 108, 212","6, 88, 149","20, 176, 15","11, 213, 18","13, 101, 170","23, 90, 195","24, 108, 216","6, 152, 153","9, 126, 203","3, 151, 113","15, 68, 50","19, 211, 291","15, 29, 109","14, 89, 178","18, 19, 181","9, 149, 127","4, 177, 221","3, 66, 152","16, 97, 154","26, 204, 175","9, 57, 203","9, 4, 200","25, 2, 88","9, 185, 292","20, 64, 236","7, 69, 87","4, 39, 199","22, 96, 303","23, 176, 147","23, 189, 54","3, 140, 136","10, 37, 90","26, 66, 165","19, 141, 32","25, 160, 87","26, 18, 190","25, 193, 191","23, 50, 253","22, 4, 166","6, 175, 198"
11,373,470,50,"5, 71, 224","7, 261, 328","10, 2, 14","8, 1, 125","5, 261, 191","6, 283, 301","9, 142, 306","10, 314, 266","3, 225, 276","7, 322, 303","2, 201, 420","11, 313, 21","4, 182, 54","1, 303, 237","3, 98, 308","7, 113, 44","1, 52, 362","8, 373, 245","11, 350, 466","6, 43, 31","8, 265, 383","6, 212, 379","9, 241, 115","7, 59, 160","10, 28, 190","5, 172, 3","2, 134, 30","6, 116, 344","5, 84, 408","8, 363, 276","7, 119, 109","7, 347, 376","1, 83, 92","3, 236, 422","2, 227, 98","1, 133, 22","8, 47, 55","10, 216, 77","4, 347, 8","7, 76, 74","11, 222, 101","11, 52, 140","7, 167, 447","1, 191, 373","8, 310, 291","2, 365, 13","8, 291, 98","11, 155, 310","6, 136, 241","8, 213, 80"
29,472,142,50,"20, 256, 124","19, 354, 122","19, 11, 50","1, 24, 65","29, 212, 131","15, 452, 140","14, 9, 74","24, 102, 107","26, 180, 82","11, 196, 68","4, 317, 52","5, 55, 130","8, 229, 131","13, 9, 28","1, 8, 98","24, 249, 70","1, 280, 102","1, 67, 113","5, 11, 88","14, 270, 93","7, 24, 68","3, 468, 31","3, 100, 81","8, 447, 98","15, 303, 99","24, 219, 120","28, 342, 112","15, 410, 4","27, 110, 32","18, 382, 11","27, 128, 30","14, 136, 80","6, 171, 102","24, 394, 89","5, 416, 35","1, 144, 66","4, 102, 4","25, 49, 32","26, 224, 33","15, 186, 81","3, 325, 23","4, 17, 140","17, 469, 51","22, 393, 107","2, 94, 114","25, 171, 129","29, 344, 95","7, 144, 16","13, 83, 37","3, 416, 126"
26,167,458,50,"25, 109, 109","18, 46, 385","7, 73, 280","22, 64, 322","18, 116, 184","5, 69, 165","1, 91, 9","12, 35, 147","14, 96, 401","9, 83, 42","9, 43, 348","9, 71, 259","12, 158, 317","8, 86, 288","18, 53, 71","16, 68, 417","5, 101, 122","23, 124, 139","21, 93, 329","14, 96, 121","26, 24, 395","1, 74, 9","22, 141, 188","18, 45, 268","26, 47, 63","25, 15, 194","26, 75, 101","9, 104, 376","22, 27, 327","11, 145, 220","19, 45, 378","5, 66, 40","23, 126, 265","3, 91, 393","7, 77, 182","14, 160, 250","12, 74, 84","15, 105, 289","11, 39, 190","5, 143, 325","5, 59, 376","22, 89, 423","20, 71, 210","6, 29, 288","26, 30, 297","18, 103, 441","18, 63, 72","19, 38, 443","15, 16, 329","1, 84, 215"
11,426,422,50,"3, 245, 323","8, 246, 257","7, 280, 5","5, 154, 320","3, 308, 185","2, 406, 265","5, 312, 293","10, 30, 292","8, 24, 50","4, 354, 390","7, 50, 304","4, 52, 342","7, 27, 31","2, 38, 180","6, 368, 91","7, 228, 319","9, 66, 145","4, 217, 143","6, 137, 247","6, 189, 212","6, 59, 308","8, 254, 28","2, 160, 191","3, 131, 59","1, 94, 186","6, 222, 169","3, 58, 166","8, 388, 111","6, 407, 147","2, 147, 140","8, 426, 243","5, 401, 212","7, 244, 315","11, 387, 383","6, 404, 14","10, 116, 223","7, 1, 52","10, 330, 351","6, 121, 100","5, 116, 231","11, 301, 168","2, 328, 382","6, 28, 293","6, 109, 58","11, 249, 396","4, 325, 199","3, 270, 275","9, 385, 107","6, 115, 103","2, 89, 348"
433,153,30,50,"158, 21, 9","178, 6, 28","284, 137, 28","152, 71, 24","158, 18, 12","199, 58, 14","261, 116, 6","215, 9, 24","183, 66, 23","189, 145, 8","355, 141, 11","240, 23, 25","278, 3, 24","402, 96, 10","19, 83, 20","289, 131, 28","313, 82, 3","349, 136, 26","354, 34, 27","359, 122, 7","52, 110, 2","177, 121, 13","416, 56, 3","69, 140, 9","371, 5, 9","376, 32, 19","29, 92, 11","337, 59, 2","272, 40, 12","317, 69, 24","193, 132, 6","182, 13, 16","311, 109, 2","265, 108, 23","177, 56, 23","253, 16, 21","322, 32, 4","198, 9, 13","148, 111, 24","242, 70, 14","135, 1, 20","341, 134, 4","367, 15, 1","339, 3, 13","37, 101, 23","228, 23, 26","205, 102, 27","398, 132, 10","44, 38, 15","261, 76, 13"
13,443,347,50,"1, 441, 244","12, 383, 145","4, 417, 11","5, 148, 211","4, 363, 160","12, 94, 205","6, 296, 89","13, 148, 220","8, 164, 268","9, 34, 114","6, 424, 80","6, 132, 229","6, 132, 180","3, 361, 151","10, 111, 288","2, 307, 342","2, 300, 22","11, 392, 335","1, 302, 162","5, 10, 29","3, 38, 94","2, 294, 97","4, 419, 20","11, 300, 168","4, 122, 334","5, 157, 185","10, 412, 285","9, 278, 29","8, 80, 83","1, 14, 205","12, 126, 276","4, 280, 240","9, 220, 296","4, 296, 205","3, 278, 101","13, 60, 158","10, 155, 24","4, 12, 119","1, 391, 95","5, 191, 1","6, 60, 99","3, 435, 282","6, 173, 129","7, 335, 312","4, 273, 120","11, 201, 132","2, 156, 158","6, 340, 137","1, 233, 247","10, 99, 262"
203,19,495,50,"141, 8, 361","193, 10, 116","151, 6, 128","28, 12, 154","15, 11, 324","9, 12, 59","199, 12, 74","183, 14, 495","178, 6, 470","110, 10, 273","21, 13, 271","181, 10, 454","189, 19, 88","167, 18, 93","187, 11, 446","117, 1, 321","129, 3, 158","96, 19, 350","33, 9, 372","153, 7, 437","174, 3, 415","155, 18, 44","143, 3, 164","130, 15, 420","33, 8, 374","112, 17, 157","28, 11, 53","194, 13, 417","200, 10, 272","89, 17, 454","23, 16, 192","54, 6, 146","202, 15, 294","77, 18, 381","115, 15, 388","57, 5, 237","125, 15, 375","26, 4, 155","78, 17, 309","57, 4, 241","36, 11, 482","78, 14, 58","16, 5, 336","167, 6, 101","128, 8, 141","45, 14, 400","200, 19, 436","196, 13, 430","155, 4, 33","198, 11, 382"
95,213,98,50,"82, 104, 50","3, 40, 50","42, 84, 47","6, 85, 85","39, 208, 54","11, 85, 3","50, 49, 29","93, 164, 40","84, 119, 40","8, 124, 55","66, 22, 98","14, 81, 13","45, 201, 8","86, 100, 1","56, 175, 70","66, 202, 96","51, 150, 88","71, 187, 88","5, 105, 42","18, 34, 67","36, 52, 8","7, 41, 24","1, 200, 68","35, 197, 7","77, 134, 19","93, 120, 15","3, 61, 56","74, 166, 56","5, 111, 65","60, 2, 53","36, 198, 49","26, 31, 22","44, 88, 40","10, 150, 37","21, 59, 20","4, 200, 20","94, 184, 25","89, 176, 87","43, 171, 97","41, 74, 51","26, 1, 33","64, 195, 53","75, 129, 95","5, 88, 80","9, 134, 15","55, 94, 67","36, 195, 29","62, 142, 6","14, 159, 44","76, 48, 89"
75,297,89,50,"3, 174, 75","5, 185, 55","42, 91, 23","62, 237, 50","51, 177, 23","56, 113, 12","70, 120, 44","6, 261, 84","42, 97, 48","71, 76, 79","1, 216, 1","49, 123, 59","70, 16, 85","7, 102, 68","14, 47, 60","43, 287, 89","33, 111, 80","18, 182, 37","60, 231, 61","64, 256, 75","15, 149, 46","17, 272, 54","49, 198, 5","18, 212, 12","60, 259, 33","61, 145, 20","32, 249, 21","35, 75, 22","62, 25, 81","44, 225, 50","70, 10, 3","27, 281, 68","72, 205, 82","3, 156, 32","22, 23, 83","4, 149, 4","9, 62, 2","75, 64, 8","20, 103, 37","20, 137, 64","21, 154, 63","74, 183, 7","51, 41, 1","47, 297, 34","38, 45, 32","13, 161, 48","58, 174, 60","73, 278, 66","22, 36, 58","46, 93, 38"
174,44,260,50,"166, 24, 70","145, 35, 145","77, 37, 236","1, 38, 183","109, 8, 255","41, 2, 90","21, 38, 64","103, 35, 74","92, 19, 104","128, 6, 232","148, 11, 124","65, 32, 189","157, 19, 2","141, 22, 247","143, 39, 67","15, 14, 184","46, 20, 1","39, 38, 42","86, 40, 139","44, 40, 79","119, 20, 64","54, 8, 148","48, 31, 227","174, 24, 66","173, 29, 191","113, 5, 102","20, 13, 17","18, 3, 252","93, 33, 59","96, 20, 223","42, 42, 175","82, 44, 73","54, 30, 152","135, 39, 171","155, 11, 254","43, 37, 142","54, 13, 122","96, 10, 136","160, 5, 78","21, 12, 199","124, 32, 161","29, 14, 122","62, 5, 158","25, 23, 96","84, 8, 122","74, 23, 225","2, 13, 55","139, 36, 234","112, 38, 140","123, 9, 173"
136,385,38,50,"96, 141, 8","112, 69, 2","37, 99, 32","80, 384, 27","58, 28, 37","85, 35, 14","39, 201, 11","66, 244, 28","134, 219, 19","42, 74, 24","26, 133, 7","34, 122, 28","49, 124, 8","112, 251, 20","120, 35, 3","132, 183, 37","132, 295, 27","15, 92, 24","90, 171, 38","23, 67, 5","10, 72, 34","24, 127, 32","52, 44, 29","110, 40, 30","64, 86, 14","71, 160, 4","58, 57, 1","97, 202, 24","120, 147, 11","118, 108, 30","54, 356, 23","67, 290, 38","19, 18, 18","77, 48, 1","92, 173, 32","13, 364, 6","57, 155, 8","133, 249, 11","45, 216, 25","136, 92, 1","15, 189, 4","75, 279, 26","117, 199, 25","129, 7, 3","14, 104, 1","49, 249, 7","81, 240, 22","5, 118, 30","131, 254, 36","47, 378, 16"
74,105,255,50,"56, 35, 204","9, 99, 36","56, 18, 162","39, 25, 65","48, 17, 205","10, 9, 129","40, 17, 246","59, 17, 132","46, 61, 130","10, 40, 131","59, 75, 27","68, 93, 237","62, 82, 35","28, 91, 93","17, 88, 100","5, 24, 118","26, 102, 5","49, 40, 240","35, 12, 38","61, 20, 103","62, 105, 42","26, 88, 14","65, 38, 242","55, 83, 53","2, 22, 61","1, 81, 106","38, 80, 64","26, 38, 218","6, 74, 142","33, 44, 30","33, 67, 241","74, 38, 35","16, 79, 210","45, 51, 23","18, 67, 209","7, 40, 188","66, 93, 221","47, 77, 6","33, 104, 30","74, 9, 150","39, 86, 31","6, 77, 72","60, 58, 250","12, 77, 230","1, 35, 19","70, 67, 44","57, 55, 48","24, 82, 10","2, 5, 202","73, 92, 212"
440,38,117,50,"255, 11, 92","191, 2, 104","428, 33, 15","341, 12, 93","58, 15, 54","274, 33, 113","6, 35, 45","169, 34, 80","44, 28, 8","97, 22, 4","289, 13, 77","151, 2, 71","230, 28, 105","144, 37, 49","94, 36, 115","284, 16, 21","431, 19, 96","6, 14, 49","225, 27, 90","177, 13, 21","164, 33, 34","193, 18, 30","391, 24, 109","295, 16, 2","90, 24, 84","90, 29, 62","288, 18, 110","325, 4, 64","153, 38, 107","196, 36, 46","410, 21, 52","29, 8, 63","432, 5, 87","264, 13, 22","66, 10, 97","149, 18, 62","80, 31, 8","228, 28, 77","287, 21, 54","378, 8, 96","416, 4, 61","345, 23, 31","428, 24, 7","151, 9, 62","412, 2, 24","123, 2, 45","82, 25, 47","427, 38, 60","273, 2, 32","139, 31, 47"
20,320,302,50,"10, 257, 168","13, 190, 276","12, 274, 35","10, 160, 149","13, 12, 249","9, 263, 243","15, 256, 238","19, 18, 37","1, 73, 223","13, 117, 86","11, 145, 147","19, 296, 152","3, 232, 267","14, 8, 215","5, 165, 181","15, 9, 29","17, 54, 230","5, 78, 247","17, 74, 199","14, 72, 170","3, 262, 100","12, 62, 274","2, 112, 100","10, 268, 70","14, 52, 113","2, 59, 220","16, 128, 197","13, 93, 257","18, 12, 266","15, 171, 237","11, 19, 88","15, 26, 60","15, 145, 258","6, 314, 96","9, 72, 190","4, 124, 72","3, 35, 187","17, 247, 279","4, 247, 22","17, 206, 263","2, 65, 256","6, 81, 149","6, 267, 52","1, 116, 5","11, 180, 24","11, 246, 176","5, 181, 172","7, 157, 152","3, 84, 25","9, 81, 249"
112,76,234,50,"45, 13, 53","48, 9, 2","5, 75, 28","21, 12, 147","55, 39, 47","48, 3, 135","106, 37, 182","67, 44, 197","11, 58, 86","53, 34, 6","47, 25, 208","97, 63, 185","60, 33, 4","80, 56, 32","103, 54, 154","62, 61, 122","106, 13, 71","51, 51, 50","86, 70, 127","48, 42, 198","109, 2, 107","13, 15, 70","5, 36, 50","111, 74, 37","66, 63, 22","24, 57, 227","17, 5, 111","25, 8, 108","30, 19, 67","101, 59, 36","99, 70, 135","39, 37, 97","69, 15, 1","17, 8, 151","68, 61, 102","6, 75, 101","31, 66, 16","88, 35, 163","39, 37, 88","73, 46, 121","31, 16, 105","15, 64, 122","91, 44, 2","18, 70, 38","40, 55, 113","87, 11, 90","35, 7, 202","103, 67, 45","70, 35, 78","21, 24, 6"
52,121,313,50,"12, 60, 31","10, 106, 94","48, 104, 171","12, 60, 95","35, 102, 203","18, 94, 53","42, 86, 136","43, 65, 156","38, 14, 114","1, 21, 256","31, 107, 201","11, 116, 178","13, 87, 206","11, 24, 112","9, 52, 83","24, 115, 5","1, 1, 31","11, 111, 21","12, 67, 97","40, 76, 299","50, 35, 312","45, 110, 92","22, 1, 292","22, 72, 104","5, 39, 131","1, 99, 103","31, 89, 202","52, 43, 194","12, 26, 196","3, 99, 127","21, 106, 132","33, 46, 237","5, 1, 169","7, 28, 161","36, 96, 218","1, 114, 204","32, 19, 225","37, 109, 53","21, 69, 133","37, 44, 151","10, 64, 136","2, 93, 301","48, 62, 33","44, 72, 222","44, 3, 92","23, 90, 118","25, 106, 181","23, 1, 212","16, 87, 215","47, 32, 34"
14,396,355,50,"4, 62, 322","1, 226, 75","9, 215, 346","10, 313, 66","10, 366, 246","14, 393, 109","1, 351, 253","7, 12, 107","1, 43, 63","8, 391, 217","12, 145, 196","9, 288, 136","4, 391, 85","14, 278, 9","3, 227, 268","4, 216, 150","6, 322, 38","12, 10, 190","8, 99, 241","12, 345, 164","1, 152, 52","6, 264, 352","1, 34, 210","2, 373, 318","10, 387, 304","13, 238, 10","8, 195, 279","11, 33, 140","8, 90, 246","4, 57, 55","14, 16, 185","4, 332, 5","1, 228, 145","14, 354, 236","7, 155, 143","6, 71, 101","7, 47, 12","14, 203, 59","3, 246, 329","13, 229, 39","14, 270, 108","1, 105, 344","11, 193, 124","12, 303, 180","3, 10, 330","9, 227, 167","7, 137, 81","12, 52, 308","13, 137, 211","11, 243, 297"
169,26,467,50,"73, 21, 163","12, 18, 62","80, 22, 166","133, 14, 444","56, 10, 257","131, 9, 375","135, 18, 22","36, 15, 183","15, 6, 75","22, 2, 164","38, 15, 176","98, 25, 45","134, 3, 98","65, 17, 246","56, 2, 245","7, 18, 156","10, 20, 261","126, 2, 369","28, 2, 296","152, 17, 339","71, 12, 66","139, 18, 137","51, 14, 47","87, 15, 25","108, 12, 255","111, 14, 194","97, 26, 387","83, 15, 13","17, 23, 150","6, 10, 135","43, 25, 357","144, 19, 217","40, 18, 454","40, 13, 347","144, 9, 18","17, 21, 226","55, 9, 79","123, 17, 160","45, 22, 204","114, 9, 353","142, 25, 381","16, 3, 247","61, 1, 44","125, 18, 7","62, 21, 266","24, 7, 110","169, 17, 465","11, 20, 201","168, 4, 44","27, 24, 334"
22,344,257,50,"11, 52, 139","5, 21, 159","9, 20, 250","15, 3, 6","19, 97, 251","8, 246, 169","9, 248, 28","20, 236, 153","14, 54, 136","6, 205, 154","21, 153, 227","19, 203, 46","7, 95, 203","6, 48, 23","21, 252, 21","13, 82, 145","13, 286, 128","14, 295, 23","16, 250, 249","1, 116, 66","1, 46, 85","22, 153, 139","4, 155, 16","21, 1, 157","15, 250, 55","3, 176, 111","2, 98, 105","8, 110, 210","3, 31, 21","18, 14, 117","15, 46, 115","17, 218, 68","19, 201, 257","22, 96, 180","9, 106, 187","19, 219, 249","10, 70, 189","1, 336, 28","10, 218, 52","18, 39, 209","4, 100, 134","14, 9, 144","9, 147, 21","19, 184, 78","11, 217, 88","3, 211, 223","5, 94, 254","20, 63, 202","14, 126, 113","11, 102, 183"
319,216,29,50,"48, 158, 9","197, 12, 10","190, 199, 19","70, 157, 25","265, 24, 23","220, 172, 7","12, 99, 25","53, 162, 22","296, 42, 12","266, 51, 18","200, 133, 23","245, 209, 18","247, 89, 8","295, 186, 23","7, 34, 15","118, 3, 5","191, 115, 5","273, 114, 9","260, 98, 6","215, 143, 27","263, 181, 1","247, 72, 29","234, 100, 7","255, 195, 27","312, 76, 5","199, 40, 20","222, 210, 25","318, 16, 15","188, 24, 13","254, 193, 20","250, 100, 28","187, 154, 7","239, 67, 11","10, 209, 11","178, 144, 20","66, 48, 15","209, 96, 13","152, 55, 5","21, 181, 18","206, 134, 20","192, 127, 27","169, 75, 29","180, 145, 5","212, 189, 20","212, 36, 2","184, 147, 24","153, 136, 17","244, 179, 20","177, 152, 15","56, 131, 10"
35,449,124,50,"21, 160, 73","4, 207, 70","24, 41, 116","9, 356, 98","31, 425, 117","6, 174, 64","32, 212, 111","23, 436, 42","4, 269, 76","8, 351, 121","6, 24, 103","34, 143, 118","20, 115, 101","19, 262, 91","5, 323, 87","9, 292, 78","33, 8, 114","27, 248, 87","31, 433, 60","9, 55, 94","1, 298, 52","18, 255, 21","26, 191, 78","11, 179, 108","9, 148, 27","28, 45, 33","2, 253, 112","16, 35, 120","8, 255, 23","23, 372, 2","20, 318, 45","5, 243, 30","16, 155, 51","8, 38, 61","24, 286, 45","8, 352, 69","31, 325, 29","14, 221, 7","3, 271, 121","6, 160, 9","6, 42, 23","15, 215, 100","12, 79, 75","21, 124, 11","3, 351, 37","18, 167, 55","16, 122, 76","7, 403, 10","13, 343, 95","3, 260, 114"
62,470,68,50,"11, 251, 68","13, 335, 68","30, 357, 61","26, 106, 27","24, 366, 27","45, 167, 38","41, 368, 47","25, 377, 18","55, 310, 27","53, 462, 53","54, 49, 60","31, 284, 45","25, 169, 14","48, 279, 6","31, 431, 7","41, 45, 45","49, 385, 32","56, 363, 37","59, 395, 4","46, 135, 16","8, 298, 58","48, 384, 42","17, 166, 30","45, 47, 23","32, 263, 31","50, 194, 13","56, 432, 19","43, 45, 48","25, 44, 33","21, 132, 44","9, 90, 59","39, 117, 53","32, 334, 39","18, 257, 40","9, 169, 63","11, 269, 68","3, 135, 3","26, 364, 60","23, 23, 13","17, 391, 34","38, 234, 8","5, 116, 1","47, 438, 66","4, 158, 7","41, 217, 5","62, 122, 16","54, 110, 51","47, 116, 51","44, 48, 49","4, 268, 13"
18,236,459,50,"13, 48, 179","9, 43, 302","3, 194, 120","8, 174, 156","16, 116, 50","13, 226, 356","10, 41, 122","1, 51, 264","9, 171, 285","1, 84, 397","5, 215, 177","14, 216, 186","17, 147, 194","18, 41, 360","5, 211, 398","2, 137, 255","1, 131, 84","1, 10, 184","12, 61, 443","4, 58, 444","10, 81, 194","10, 155, 155","2, 157, 267","17, 212, 6","3, 86, 382","10, 43, 376","16, 222, 371","13, 155, 431","16, 141, 332","5, 34, 436","5, 73, 391","15, 102, 321","10, 78, 226","14, 79, 321","2, 211, 312","18, 47, 96","6, 206, 416","11, 184, 177","6, 119, 333","14, 109, 8","18, 143, 411","4, 184, 6","9, 175, 367","12, 140, 346","18, 44, 454","13, 124, 419","17, 78, 295","6, 181, 435","12, 122, 109","3, 86, 191"
10,413,479,50,"6, 320, 75","1, 118, 326","1, 205, 427","6, 146, 445","3, 329, 237","8, 245, 95","1, 281, 379","10, 174, 443","8, 257, 409","3, 162, 322","7, 155, 246","9, 280, 432","4, 360, 362","6, 237, 337","4, 128, 56","6, 387, 353","2, 184, 255","4, 295, 419","5, 170, 413","1, 349, 349","3, 87, 352","7, 154, 98","10, 407, 196","2, 137, 420","1, 142, 371","8, 127, 460","10, 265, 25","1, 351, 363","4, 166, 251","4, 245, 388","1, 383, 287","3, 11, 315","5, 43, 286","8, 62, 392","4, 203, 178","1, 304, 443","6, 332, 248","9, 62, 27","8, 401, 196","5, 143, 305","10, 316, 286","4, 96, 266","10, 92, 291","6, 376, 174","1, 125, 135","1, 25, 46","3, 167, 229","10, 335, 172","6, 325, 356","5, 351, 341"
71,145,194,50,"36, 89, 144","71, 133, 166","8, 33, 127","68, 33, 150","10, 132, 128","5, 127, 149","16, 80, 112","60, 65, 103","69, 61, 4","23, 10, 168","46, 61, 169","45, 98, 61","13, 108, 77","34, 83, 7","71, 73, 172","45, 5, 165","13, 127, 97","19, 78, 79","16, 116, 165","26, 8, 45","64, 106, 156","2, 124, 26","8, 88, 102","27, 110, 102","65, 130, 84","20, 44, 110","5, 132, 175","61, 105, 183","69, 39, 151","17, 80, 42","36, 20, 133","57, 87, 177","4, 21, 113","49, 4, 144","47, 71, 97","35, 41, 100","66, 105, 66","10, 88, 91","8, 133, 77","34, 88, 144","66, 26, 190","62, 85, 80","51, 66, 101","16, 34, 131","45, 108, 47","51, 11, 128","61, 106, 139","49, 136, 145","44, 41, 135","43, 132, 58"
11,437,415,50,"5, 297, 130","1, 185, 403","1, 85, 2","11, 184, 163","3, 20, 104","8, 36, 332","5, 61, 236","9, 62, 259","7, 44, 192","2, 177, 42","11, 125, 156","10, 353, 4","6, 114, 168","9, 279, 180","9, 260, 21","1, 292, 415","1, 106, 342","6, 310, 69","5, 174, 136","9, 19, 64","5, 233, 23","2, 283, 323","8, 356, 153","5, 413, 155","4, 417, 23","8, 186, 359","9, 136, 283","2, 374, 120","8, 259, 354","1, 326, 399","1, 215, 41","4, 314, 239","2, 371, 85","7, 300, 14","8, 101, 186","11, 345, 87","6, 18, 352","8, 429, 155","4, 52, 12","5, 162, 3","11, 201, 131","10, 314, 357","1, 425, 60","11, 326, 49","6, 190, 86","3, 430, 82","4, 67, 364","2, 62, 401","9, 405, 372","1, 252, 226"
35,367,155,50,"8, 37, 60","7, 323, 137","14, 106, 36","26, 364, 120","9, 63, 60","19, 96, 11","18, 216, 6","31, 295, 17","9, 294, 62","34, 314, 116","22, 74, 143","34, 59, 94","24, 18, 36","34, 153, 139","10, 289, 29","19, 333, 67","18, 361, 92","25, 288, 140","23, 359, 62","32, 180, 52","7, 108, 47","2, 71, 84","3, 176, 98","34, 20, 84","16, 7, 105","33, 159, 3","33, 312, 13","13, 160, 139","19, 191, 61","23, 345, 58","32, 137, 96","8, 123, 69","33, 363, 85","20, 242, 134","22, 32, 119","19, 2, 144","2, 204, 80","7, 31, 85","11, 129, 46","30, 39, 112","6, 105, 140","33, 262, 36","28, 205, 131","18, 277, 30","1, 364, 115","21, 270, 53","30, 65, 117","21, 313, 36","13, 218, 150","26, 203, 30"
28,151,459,50,"27, 96, 393","22, 20, 19","21, 94, 96","10, 37, 394","6, 65, 105","21, 17, 7","24, 148, 187","1, 79, 368","8, 85, 94","15, 141, 455","27, 34, 222","27, 119, 363","1, 80, 97","24, 17, 95","18, 65, 60","9, 107, 332","9, 2, 122","13, 102, 397","18, 44, 429","3, 136, 214","16, 145, 420","9, 135, 216","5, 52, 112","28, 75, 384","7, 132, 438","20, 36, 330","13, 133, 438","1, 43, 180","7, 82, 381","8, 128, 370","7, 52, 373","5, 149, 265","5, 86, 430","4, 92, 150","21, 121, 239","15, 105, 445","2, 27, 370","10, 61, 121","23, 109, 338","8, 58, 351","21, 147, 418","22, 72, 144","24, 28, 319","28, 116, 74","14, 150, 459","1, 77, 446","4, 65, 26","19, 21, 195","18, 103, 426","20, 31, 171"
439,18,253,50,"362, 4, 84","210, 16, 135","148, 11, 187","342, 5, 169","326, 3, 174","56, 12, 66","216, 3, 174","261, 2, 90","316, 2, 168","81, 12, 216","365, 10, 195","239, 3, 229","87, 14, 184","337, 6, 110","375, 10, 71","175, 14, 91","119, 17, 65","347, 15, 72","327, 10, 213","250, 15, 213","59, 1, 46","108, 9, 228","84, 9, 176","353, 12, 96","396, 7, 221","114, 15, 246","347, 4, 68","331, 4, 107","307, 5, 184","55, 11, 135","57, 15, 85","117, 11, 11","120, 8, 206","401, 9, 6","212, 8, 208","346, 10, 221","414, 16, 21","308, 9, 30","352, 5, 236","156, 2, 248","362, 17, 222","386, 18, 220","334, 8, 189","236, 5, 197","206, 16, 189","248, 7, 83","314, 13, 249","396, 14, 174","117, 7, 89","311, 7, 153"
258,146,53,50,"57, 8, 28","81, 36, 23","50, 108, 39","119, 115, 28","200, 90, 3","69, 116, 44","55, 17, 49","226, 101, 27","102, 82, 24","46, 143, 27","246, 99, 7","45, 15, 47","187, 102, 40","11, 83, 15","131, 66, 47","178, 141, 1","9, 47, 14","24, 11, 15","45, 83, 38","98, 20, 42","73, 108, 14","110, 138, 2","29, 138, 13","47, 108, 32","221, 62, 26","225, 134, 14","238, 16, 4","55, 109, 53","56, 42, 47","145, 3, 51","80, 138, 11","163, 88, 21","168, 29, 5","45, 11, 35","67, 121, 30","200, 94, 16","42, 98, 46","212, 62, 16","223, 67, 15","153, 75, 10","26, 118, 50","57, 31, 18","152, 24, 6","33, 130, 34","9, 67, 22","176, 112, 11","84, 84, 38","215, 66, 2","229, 23, 4","63, 101, 40"
13,461,330,50,"4, 385, 71","8, 237, 56","11, 215, 122","7, 58, 309","11, 269, 221","6, 317, 229","10, 172, 274","5, 418, 139","8, 162, 238","9, 280, 200","4, 19, 168","13, 235, 173","2, 49, 224","6, 239, 255","12, 252, 20","4, 13, 60","3, 307, 234","13, 63, 256","1, 332, 306","8, 106, 65","7, 400, 40","3, 293, 302","1, 305, 189","2, 87, 138","3, 134, 266","7, 384, 301","7, 450, 128","3, 191, 88","9, 318, 82","10, 66, 200","6, 391, 110","7, 251, 231","5, 210, 240","9, 265, 293","12, 448, 220","6, 231, 44","8, 287, 220","3, 298, 132","9, 299, 294","9, 230, 265","10, 353, 260","4, 125, 174","5, 79, 190","7, 286, 120","3, 309, 79","13, 242, 198","3, 324, 200","2, 398, 124","4, 277, 102","6, 31, 56"
16,320,368,50,"14, 212, 105","15, 291, 179","1, 242, 210","1, 244, 105","6, 84, 230","9, 255, 292","6, 285, 141","15, 120, 326","10, 22, 333","12, 40, 77","14, 64, 155","14, 273, 78","4, 180, 94","5, 299, 116","4, 225, 72","12, 149, 233","15, 309, 312","6, 220, 116","1, 245, 352","14, 300, 20","4, 153, 341","3, 146, 128","12, 309, 350","1, 29, 288","11, 250, 328","15, 8, 86","3, 215, 42","15, 62, 237","11, 213, 236","16, 26, 75","9, 33, 102","7, 255, 349","15, 174, 259","14, 225, 317","9, 223, 60","7, 92, 284","8, 90, 287","1, 308, 108","16, 190, 63","1, 293, 277","3, 286, 329","16, 69, 74","2, 249, 51","10, 115, 72","4, 126, 340","5, 220, 187","4, 311, 163","5, 242, 287","13, 281, 20","3, 251, 367"
84,248,95,50,"70, 243, 40","13, 200, 86","75, 163, 69","49, 48, 55","72, 127, 60","26, 28, 5","39, 244, 23","54, 124, 47","65, 148, 60","9, 84, 58","62, 153, 83","80, 165, 34","11, 90, 12","56, 69, 43","1, 205, 9","29, 225, 3","48, 164, 86","16, 140, 46","9, 169, 7","37, 233, 81","56, 98, 17","26, 34, 75","57, 9, 10","53, 65, 32","47, 125, 21","56, 57, 67","48, 180, 6","41, 29, 64","47, 184, 90","39, 25, 69","44, 204, 92","13, 213, 79","2, 156, 33","58, 78, 15","38, 77, 92","46, 213, 73","72, 77, 45","70, 137, 50","11, 154, 43","77, 203, 62","45, 185, 85","73, 200, 91","18, 115, 42","49, 166, 16","62, 64, 88","73, 243, 80","16, 210, 14","43, 128, 86","73, 45, 85","9, 77, 42"
49,455,88,50,"43, 97, 68","49, 122, 69","15, 323, 25","12, 390, 80","39, 128, 2","21, 312, 44","8, 328, 55","20, 175, 72","46, 197, 30","39, 395, 46","15, 61, 82","1, 237, 68","3, 2, 87","21, 391, 65","47, 75, 7","11, 257, 28","19, 427, 41","33, 453, 28","31, 25, 18","13, 369, 24","9, 158, 15","26, 42, 84","25, 265, 28","24, 441, 52","4, 120, 39","27, 440, 27","48, 300, 1","22, 231, 62","44, 152, 66","37, 275, 28","44, 427, 19","1, 177, 81","28, 211, 76","1, 256, 42","43, 288, 45","20, 128, 84","41, 438, 30","14, 315, 15","8, 364, 79","14, 334, 11","31, 234, 77","31, 356, 9","11, 285, 2","1, 429, 38","28, 228, 22","7, 444, 79","33, 287, 40","37, 120, 56","42, 267, 74","44, 371, 82"
15,282,462,50,"1, 73, 63","9, 156, 426","15, 230, 429","2, 162, 165","13, 19, 152","7, 18, 442","9, 249, 240","15, 212, 335","11, 52, 186","5, 258, 311","8, 40, 87","9, 198, 159","11, 234, 38","12, 99, 232","13, 162, 376","3, 109, 417","13, 151, 167","3, 74, 340","12, 257, 347","9, 51, 68","12, 54, 34","6, 146, 11","14, 247, 215","12, 119, 415","11, 80, 45","12, 35, 146","15, 228, 224","6, 185, 92","10, 182, 201","8, 87, 311","13, 153, 336","10, 256, 20","10, 93, 295","12, 208, 322","10, 34, 428","14, 205, 21","10, 94, 134","13, 261, 121","14, 225, 261","11, 16, 116","5, 168, 171","7, 155, 222","13, 192, 300","4, 187, 181","15, 230, 204","13, 222, 462","12, 195, 232","12, 221, 145","7, 62, 89","1, 118, 380"
47,402,105,50,"16, 172, 11","27, 221, 75","8, 380, 46","5, 21, 87","5, 308, 63","13, 133, 105","37, 26, 76","20, 42, 54","17, 117, 37","26, 9, 79","33, 357, 75","37, 68, 7","43, 255, 33","19, 101, 92","38, 157, 37","21, 188, 79","18, 201, 61","47, 281, 53","42, 83, 19","38, 349, 3","45, 331, 100","32, 345, 44","44, 120, 105","18, 106, 37","26, 259, 38","29, 39, 38","5, 183, 41","4, 183, 52","11, 212, 61","40, 109, 66","14, 265, 50","43, 167, 88","13, 276, 79","34, 354, 34","25, 229, 14","29, 346, 50","5, 71, 94","46, 164, 72","31, 80, 67","33, 134, 22","35, 157, 94","18, 299, 44","11, 348, 51","29, 100, 55","26, 292, 63","43, 395, 34","24, 193, 101","42, 128, 1","1, 178, 84","46, 259, 28"
27,186,396,50,"13, 151, 84","13, 153, 131","22, 173, 222","20, 162, 68","20, 56, 135","21, 137, 176","1, 128, 45","8, 73, 153","12, 122, 233","7, 47, 140","27, 184, 278","17, 129, 50","12, 41, 76","7, 39, 118","22, 1, 54","12, 178, 360","20, 4, 278","5, 156, 122","8, 169, 167","1, 21, 346","1, 109, 14","23, 158, 35","20, 167, 187","25, 61, 105","8, 79, 246","7, 128, 284","6, 100, 295","6, 101, 80","21, 26, 394","26, 120, 192","22, 20, 315","18, 11, 77","5, 49, 382","13, 126, 297","22, 113, 60","5, 108, 28","3, 131, 255","13, 78, 297","1, 82, 282","27, 33, 248","6, 99, 395","26, 146, 195","11, 123, 316","11, 69, 288","7, 44, 15","22, 83, 241","14, 158, 57","18, 69, 196","22, 96, 371","16, 28, 347"
83,468,51,50,"52, 457, 29","11, 78, 25","28, 46, 8","10, 149, 42","39, 67, 5","19, 197, 31","22, 43, 42","43, 159, 45","26, 353, 13","74, 371, 24","30, 242, 10","9, 272, 11","14, 431, 5","80, 60, 43","48, 172, 36","10, 212, 29","30, 53, 48","6, 29, 22","74, 137, 18","39, 14, 7","8, 13, 8","46, 302, 2","14, 427, 44","39, 212, 18","23, 451, 19","47, 396, 4","31, 308, 23","3, 376, 12","46, 85, 34","1, 218, 4","14, 219, 33","44, 38, 31","5, 114, 44","14, 55, 18","50, 48, 25","82, 343, 34","43, 108, 2","77, 9, 23","16, 255, 46","15, 121, 17","13, 462, 29","73, 101, 7","39, 254, 5","17, 464, 31","41, 142, 3","9, 241, 45","13, 340, 21","35, 425, 32","23, 271, 25","63, 15, 47"
14,293,473,50,"5, 270, 248","2, 51, 136","6, 7, 406","9, 32, 27","7, 223, 179","13, 28, 64","2, 285, 441","8, 72, 45","12, 231, 386","14, 27, 60","1, 155, 139","10, 68, 320","4, 293, 48","9, 101, 288","9, 173, 29","10, 162, 12","9, 41, 295","9, 233, 466","8, 56, 113","7, 112, 398","14, 41, 5","2, 31, 262","11, 223, 155","8, 274, 110","14, 280, 396","1, 238, 438","4, 50, 457","7, 257, 32","10, 102, 214","9, 188, 139","6, 77, 312","13, 4, 160","8, 245, 166","5, 223, 163","5, 97, 473","4, 66, 406","9, 22, 234","3, 61, 209","7, 246, 74","7, 120, 22","8, 45, 452","1, 152, 467","5, 161, 406","2, 99, 216","11, 84, 133","3, 288, 41","12, 134, 400","10, 117, 115","12, 169, 99","3, 102, 386"
41,186,258,50,"17, 78, 192","12, 172, 13","9, 177, 19","35, 86, 188","37, 42, 201","26, 160, 189","35, 185, 19","1, 105, 123","9, 160, 238","25, 78, 74","3, 25, 4","24, 186, 185","26, 94, 170","17, 52, 142","37, 101, 85","7, 140, 224","11, 181, 10","21, 40, 51","14, 96, 124","41, 168, 94","7, 22, 254","9, 59, 115","18, 180, 252","23, 172, 126","3, 159, 232","12, 180, 90","37, 103, 254","38, 101, 174","29, 169, 168","5, 127, 24","38, 153, 94","32, 43, 101","41, 45, 105","35, 165, 100","35, 122, 199","22, 171, 144","26, 156, 39","6, 163, 72","3, 97, 208","3, 142, 105","36, 161, 44","3, 17, 30","1, 161, 133","8, 167, 88","29, 64, 180","17, 62, 238","37, 106, 83","40, 107, 16","28, 132, 221","41, 22, 67"
19,364,276,50,"1, 18, 264","10, 319, 70","12, 104, 159","2, 183, 75","8, 100, 243","5, 87, 110","10, 164, 162","17, 251, 171","14, 290, 260","6, 47, 102","10, 148, 75","16, 270, 94","16, 363, 249","1, 96, 249","8, 188, 204","19, 274, 169","11, 236, 103","3, 17, 272","17, 5, 127","19, 91, 201","8, 170, 59","1, 125, 62","18, 233, 81","17, 358, 72","17, 325, 42","13, 302, 157","16, 79, 60","3, 241, 103","19, 348, 23","14, 284, 166","8, 293, 180","13, 195, 56","14, 196, 71","14, 288, 254","1, 256, 251","6, 95, 160","14, 128, 270","10, 338, 21","8, 13, 235","13, 48, 53","17, 155, 142","4, 337, 77","14, 144, 46","17, 198, 34","5, 209, 9","16, 46, 143","2, 51, 176","1, 196, 273","12, 165, 116","14, 215, 274"
16,356,345,50,"13, 293, 174","13, 76, 93","11, 224, 228","1, 98, 93","16, 307, 209","6, 20, 257","15, 242, 93","14, 100, 199","8, 162, 208","1, 206, 224","6, 240, 188","10, 71, 45","9, 61, 12","6, 257, 338","4, 188, 2","12, 175, 78","3, 31, 281","11, 224, 29","8, 135, 252","15, 159, 342","11, 185, 249","8, 147, 258","11, 263, 8","7, 80, 329","12, 309, 216","15, 262, 100","5, 259, 90","3, 276, 230","7, 193, 70","4, 256, 159","5, 272, 186","4, 103, 125","8, 289, 312","14, 345, 309","11, 33, 239","10, 186, 112","3, 126, 288","12, 263, 227","4, 128, 84","7, 49, 83","6, 4, 226","12, 131, 30","9, 272, 212","15, 187, 193","8, 56, 284","12, 277, 205","16, 246, 137","4, 106, 339","1, 215, 39","13, 340, 306"
96,217,96,50,"84, 125, 90","15, 133, 71","62, 49, 65","71, 72, 33","62, 153, 88","93, 66, 78","93, 190, 74","66, 90, 11","49, 205, 6","41, 166, 37","1, 201, 77","92, 24, 29","5, 110, 91","36, 76, 48","14, 56, 92","18, 173, 21","27, 99, 55","56, 186, 63","16, 208, 1","49, 112, 9","25, 144, 18","29, 91, 88","66, 11, 36","91, 34, 38","14, 186, 11","82, 216, 26","33, 32, 6","15, 29, 96","70, 6, 17","47, 127, 5","85, 76, 28","78, 161, 11","49, 77, 57","30, 3, 62","3, 206, 18","64, 82, 16","94, 142, 5","49, 93, 87","26, 24, 69","29, 191, 35","54, 191, 21","86, 102, 51","32, 177, 35","16, 211, 25","31, 104, 85","79, 162, 15","64, 146, 42","29, 133, 30","87, 29, 43","6, 142, 69"
21,191,489,50,"19, 113, 147","16, 116, 424","3, 5, 207","12, 150, 59","10, 28, 439","8, 83, 247","16, 93, 437","5, 25, 165","15, 139, 96","9, 28, 374","16, 18, 130","8, 135, 76","3, 135, 231","5, 190, 197","13, 4, 396","17, 123, 135","14, 117, 5","1, 40, 11","20, 145, 300","18, 158, 470","10, 92, 340","10, 132, 295","19, 181, 204","5, 79, 471","12, 121, 227","13, 60, 297","3, 25, 451","18, 23, 80","6, 105, 135","3, 29, 31","20, 171, 39","11, 120, 346","6, 170, 347","4, 17, 427","2, 181, 212","8, 85, 340","16, 2, 420","11, 180, 486","2, 175, 182","7, 174, 232","15, 117, 312","8, 64, 431","9, 167, 172","1, 185, 304","12, 118, 7","9, 20, 266","14, 27, 77","17, 69, 410","4, 68, 422","16, 154, 267"
39,128,393,50,"11, 117, 111","28, 121, 203","33, 92, 340","36, 1, 21","32, 74, 334","35, 110, 288","21, 39, 281","5, 95, 19","2, 2, 373","27, 49, 100","1, 8, 130","27, 73, 145","16, 102, 208","36, 58, 388","35, 3, 331","34, 124, 206","26, 114, 391","12, 77, 339","31, 98, 22","24, 41, 283","29, 104, 195","29, 125, 308","7, 52, 176","17, 108, 94","5, 67, 23","28, 57, 248","25, 120, 197","26, 10, 27","19, 46, 346","1, 25, 201","21, 128, 150","30, 93, 214","1, 6, 35","2, 109, 11","29, 111, 303","37, 122, 130","22, 1, 77","2, 103, 47","20, 86, 237","33, 121, 62","6, 98, 115","38, 40, 28","32, 82, 324","10, 80, 371","30, 49, 380","11, 114, 294","35, 72, 54","38, 5, 257","10, 65, 257","28, 17, 130"
44,389,116,50,"27, 357, 16","42, 367, 92","1, 138, 45","44, 347, 28","38, 381, 5","29, 33, 1","1, 282, 84","20, 133, 98","10, 181, 29","31, 180, 14","29, 192, 55","14, 314, 94","9, 33, 65","37, 152, 12","27, 91, 38","29, 195, 66","3, 4, 95","5, 262, 73","3, 271, 107","35, 321, 90","41, 59, 34","14, 103, 89","32, 301, 6","15, 361, 14","32, 136, 56","40, 21, 80","33, 342, 66","27, 210, 2","11, 109, 88","30, 108, 112","5, 382, 104","1, 325, 61","15, 293, 104","30, 16, 80","44, 288, 83","40, 310, 81","1, 277, 18","21, 239, 36","28, 119, 25","21, 371, 13","38, 377, 79","30, 256, 97","37, 386, 10","8, 145, 13","15, 82, 112","38, 347, 73","6, 367, 20","41, 120, 15","34, 244, 60","6, 253, 115"
464,139,31,50,"319, 14, 24","269, 108, 13","183, 64, 28","248, 61, 17","447, 97, 29","255, 34, 26","161, 91, 11","28, 96, 14","302, 114, 28","401, 114, 15","31, 21, 29","226, 68, 19","163, 84, 25","338, 19, 29","449, 104, 22","406, 34, 10","418, 53, 28","461, 103, 3","191, 129, 2","8, 87, 3","361, 27, 8","209, 88, 25","406, 62, 28","259, 96, 8","399, 132, 3","5, 17, 15","453, 104, 29","417, 103, 29","449, 16, 17","400, 117, 11","127, 26, 2","115, 109, 18","386, 108, 8","286, 36, 14","357, 36, 2","453, 54, 6","38, 84, 1","405, 3, 28","262, 128, 22","375, 86, 3","322, 82, 24","207, 101, 21","30, 96, 13","271, 59, 12","267, 9, 23","379, 59, 19","129, 107, 15","370, 29, 2","224, 54, 12","436, 90, 13"
21,211,434,50,"12, 197, 220","13, 103, 161","3, 120, 274","6, 167, 327","18, 94, 31","5, 132, 36","17, 30, 418","20, 163, 267","14, 48, 63","2, 159, 45","15, 207, 387","10, 199, 305","9, 130, 243","9, 63, 350","9, 102, 274","17, 103, 17","14, 200, 227","1, 117, 42","2, 60, 28","19, 37, 220","8, 148, 29","11, 116, 270","15, 68, 416","3, 185, 10","2, 87, 286","3, 208, 316","2, 49, 28","21, 171, 353","9, 34, 65","11, 47, 322","12, 69, 139","2, 115, 426","9, 41, 359","7, 40, 384","7, 53, 382","2, 84, 305","21, 93, 199","19, 108, 184","16, 156, 319","1, 130, 147","13, 154, 158","14, 181, 85","13, 110, 399","9, 69, 360","6, 66, 241","3, 199, 79","11, 142, 267","21, 16, 183","19, 173, 305","20, 205, 157"
40,141,346,50,"21, 99, 106","13, 22, 190","36, 91, 202","23, 20, 310","13, 78, 117","36, 54, 188","38, 41, 9","2, 124, 338","40, 108, 18","34, 128, 305","2, 68, 256","10, 94, 142","20, 111, 220","13, 23, 190","24, 20, 256","33, 118, 270","3, 55, 282","18, 73, 199","4, 66, 278","34, 75, 33","9, 38, 4","31, 45, 196","11, 6, 166","6, 85, 255","29, 53, 199","5, 39, 27","2, 24, 18","2, 21, 81","9, 15, 334","27, 94, 342","35, 68, 70","11, 132, 26","30, 80, 99","13, 37, 128","12, 103, 26","20, 133, 207","9, 14, 2","27, 40, 299","31, 45, 255","31, 60, 308","11, 141, 72","5, 22, 139","32, 26, 117","9, 47, 16","24, 55, 92","28, 7, 208","38, 118, 276","1, 100, 303","15, 111, 283","28, 17, 90"
60,100,330,50,"37, 19, 76","30, 73, 293","57, 81, 72","44, 96, 54","60, 35, 125","44, 80, 176","2, 75, 13","11, 81, 166","2, 92, 154","24, 26, 300","55, 42, 294","46, 58, 287","34, 79, 74","32, 46, 187","50, 59, 120","55, 26, 191","40, 6, 117","1, 80, 176","23, 47, 285","42, 31, 65","9, 61, 195","6, 17, 229","30, 89, 232","19, 48, 151","40, 29, 143","52, 7, 275","32, 48, 55","47, 70, 45","15, 28, 71","58, 74, 159","36, 93, 18","25, 60, 98","58, 70, 204","58, 67, 189","18, 91, 159","2, 92, 148","18, 89, 323","4, 62, 196","43, 35, 114","41, 32, 30","58, 80, 2","59, 39, 330","13, 2, 205","18, 25, 196","60, 5, 264","18, 86, 247","5, 6, 275","22, 80, 156","40, 84, 317","49, 17, 306"
97,64,319,50,"8, 61, 276","80, 17, 142","14, 60, 189","34, 59, 49","92, 44, 272","49, 5, 266","62, 7, 54","80, 57, 171","6, 10, 201","93, 30, 44","59, 35, 99","96, 34, 23","53, 36, 222","2, 37, 199","92, 28, 132","17, 25, 212","60, 59, 250","21, 54, 137","52, 5, 215","88, 45, 294","31, 26, 209","5, 62, 206","82, 45, 301","96, 3, 209","1, 39, 314","42, 33, 24","89, 11, 121","45, 57, 168","66, 47, 237","36, 55, 52","56, 42, 227","97, 36, 302","64, 16, 169","25, 27, 232","71, 36, 308","46, 61, 236","87, 18, 204","81, 57, 291","5, 49, 136","78, 26, 185","37, 20, 293","77, 37, 51","74, 22, 314","58, 30, 201","19, 26, 96","53, 26, 218","93, 8, 290","86, 54, 188","94, 52, 304","75, 41, 108"
67,326,91,50,"28, 61, 41","10, 89, 49","4, 112, 3","29, 261, 36","25, 2, 58","7, 232, 91","28, 58, 22","35, 295, 55","7, 253, 83","65, 234, 12","26, 80, 20","12, 226, 47","58, 137, 37","56, 139, 80","55, 283, 34","66, 111, 30","2, 33, 65","8, 316, 37","35, 222, 73","40, 97, 50","22, 289, 69","9, 249, 28","6, 46, 66","24, 231, 40","67, 267, 57","22, 152, 26","18, 67, 13","31, 43, 73","16, 246, 36","48, 291, 61","49, 76, 33","60, 244, 1","12, 115, 50","58, 162, 9","21, 282, 90","28, 296, 71","33, 274, 52","56, 112, 34","63, 179, 33","33, 220, 21","30, 42, 21","16, 297, 54","7, 182, 80","3, 301, 6","60, 211, 52","18, 113, 40","49, 159, 53","46, 172, 43","45, 128, 28","5, 34, 6"
87,60,381,50,"23, 34, 238","14, 45, 171","4, 59, 342","42, 15, 261","76, 47, 342","64, 44, 57","75, 1, 158","27, 3, 80","49, 52, 180","20, 8, 51","42, 9, 296","82, 33, 104","39, 48, 292","66, 9, 7","15, 56, 84","72, 23, 375","56, 32, 209","10, 5, 137","11, 26, 92","22, 24, 351","44, 58, 286","14, 31, 180","1, 11, 141","30, 15, 26","2, 7, 25","23, 39, 42","49, 4, 83","81, 2, 74","10, 54, 342","73, 9, 127","3, 3, 58","84, 29, 98","87, 13, 229","54, 16, 318","5, 27, 52","80, 38, 22","55, 58, 145","42, 13, 212","60, 30, 263","75, 35, 148","72, 6, 252","53, 13, 147","24, 1, 325","67, 39, 302","8, 20, 154","63, 56, 311","77, 18, 34","57, 17, 133","2, 26, 248","54, 36, 200"
32,360,172,50,"7, 96, 108","3, 105, 48","30, 312, 94","5, 354, 120","14, 84, 158","10, 213, 12","14, 184, 60","17, 3, 123","1, 266, 133","3, 266, 14","17, 72, 71","11, 137, 125","29, 351, 120","6, 183, 20","31, 329, 54","15, 41, 138","15, 154, 35","15, 292, 113","7, 263, 89","4, 84, 63","12, 230, 6","23, 213, 113","2, 24, 155","25, 335, 14","18, 44, 121","18, 359, 77","30, 264, 86","25, 256, 137","9, 39, 94","13, 178, 119","17, 80, 49","8, 296, 116","20, 96, 156","13, 282, 78","13, 70, 93","15, 271, 104","7, 232, 25","23, 50, 44","2, 111, 67","15, 217, 73","30, 204, 137","22, 15, 1","13, 2, 58","9, 203, 65","14, 139, 50","2, 302, 136","3, 46, 21","20, 89, 9","6, 140, 107","13, 203, 49"
91,180,121,50,"61, 124, 39","47, 70, 23","71, 15, 102","4, 69, 15","57, 21, 28","63, 170, 108","76, 155, 93","61, 77, 36","9, 34, 23","59, 2, 38","48, 123, 104","87, 103, 30","41, 167, 11","5, 1, 35","29, 10, 64","9, 56, 91","74, 127, 53","67, 128, 76","71, 22, 48","45, 105, 86","68, 17, 96","58, 137, 38","59, 51, 117","49, 130, 52","28, 11, 82","91, 142, 106","74, 103, 20","62, 124, 99","9, 161, 106","54, 175, 85","88, 78, 28","32, 19, 37","60, 176, 51","26, 61, 118","57, 114, 50","9, 110, 34","88, 125, 114","4, 90, 60","89, 43, 70","50, 93, 26","9, 149, 38","44, 162, 64","24, 93, 112","17, 144, 41","36, 67, 89","31, 135, 12","45, 168, 23","43, 170, 40","14, 10, 69","27, 61, 113"
24,496,167,50,"6, 9, 151","18, 414, 52","14, 267, 114","19, 207, 125","11, 289, 105","3, 112, 103","10, 30, 31","3, 8, 57","18, 65, 113","10, 427, 113","20, 245, 34","6, 331, 100","3, 214, 18","7, 356, 143","6, 401, 70","7, 131, 107","20, 43, 167","2, 255, 34","3, 255, 64","16, 25, 46","10, 475, 88","16, 259, 130","3, 27, 162","2, 97, 43","8, 250, 10","22, 229, 153","24, 202, 92","17, 8, 46","9, 27, 30","3, 455, 115","10, 462, 5","21, 451, 50","4, 83, 63","8, 165, 72","19, 138, 63","3, 428, 44","12, 307, 21","3, 163, 26","16, 268, 102","18, 436, 2","2, 91, 74","16, 13, 156","21, 338, 149","19, 8, 30","2, 258, 42","24, 147, 120","12, 316, 138","16, 73, 3","14, 138, 68","3, 248, 52"
85,51,459,50,"49, 33, 415","47, 35, 239","36, 48, 141","74, 9, 451","42, 30, 340","33, 13, 387","10, 38, 361","23, 29, 194","78, 27, 264","75, 22, 265","28, 18, 341","81, 17, 153","6, 33, 454","58, 24, 148","13, 7, 192","66, 40, 146","25, 43, 45","53, 6, 72","56, 23, 378","58, 1, 362","21, 13, 87","48, 3, 448","74, 32, 248","57, 16, 281","15, 14, 394","58, 41, 406","59, 18, 223","6, 29, 159","55, 5, 137","6, 51, 411","49, 12, 201","17, 42, 121","75, 2, 413","12, 2, 270","52, 21, 111","2, 3, 122","5, 2, 225","20, 43, 387","51, 3, 306","34, 2, 380","26, 16, 428","37, 37, 262","30, 47, 185","4, 21, 182","48, 50, 29","21, 6, 224","48, 30, 290","44, 7, 94","18, 14, 127","2, 35, 300"
13,424,346,50,"4, 302, 237","3, 44, 123","1, 84, 82","12, 275, 303","7, 202, 106","5, 418, 280","4, 69, 96","9, 228, 275","11, 9, 238","5, 126, 7","2, 28, 56","7, 137, 149","9, 189, 243","10, 27, 44","7, 314, 197","5, 371, 67","4, 89, 185","6, 261, 63","9, 26, 179","1, 46, 76","6, 300, 299","13, 74, 275","2, 283, 145","12, 333, 333","9, 179, 249","12, 335, 329","6, 352, 40","2, 24, 250","12, 339, 140","5, 396, 64","13, 237, 266","7, 268, 281","5, 172, 143","6, 52, 179","12, 68, 248","1, 319, 245","11, 282, 300","7, 293, 247","11, 37, 155","9, 134, 155","2, 158, 289","8, 423, 107","6, 371, 329","5, 197, 111","2, 410, 295","13, 131, 8","4, 387, 284","2, 75, 233","3, 386, 333","8, 402, 273"
33,330,183,50,"29, 252, 131","27, 205, 84","4, 309, 8","9, 183, 52","22, 324, 115","11, 306, 36","27, 15, 127","8, 290, 90","4, 41, 80","9, 230, 170","18, 193, 158","26, 269, 111","24, 304, 132","10, 23, 39","3, 16, 104","16, 298, 34","4, 314, 144","12, 95, 88","30, 74, 19","1, 264, 22","16, 265, 68","33, 260, 131","28, 23, 153","17, 35, 111","8, 325, 84","22, 51, 42","32, 98, 76","16, 163, 22","4, 196, 94","6, 321, 71","15, 27, 157","15, 147, 48","9, 121, 183","32, 260, 21","9, 110, 167","14, 25, 39","33, 5, 117","20, 100, 177","10, 106, 175","2, 250, 148","26, 154, 154","3, 235, 81","20, 195, 115","8, 82, 84","6, 199, 87","26, 53, 32","16, 195, 141","29, 240, 142","2, 61, 3","11, 114, 112"
22,236,373,50,"2, 128, 18","19, 211, 67","1, 53, 266","6, 171, 345","18, 151, 325","16, 82, 33","11, 221, 324","20, 96, 168","3, 22, 160","13, 81, 55","12, 141, 210","1, 227, 201","11, 218, 159","22, 228, 285","6, 145, 92","5, 127, 372","16, 210, 112","9, 201, 332","8, 227, 33","13, 101, 324","22, 112, 258","9, 198, 23","18, 209, 370","10, 81, 91","22, 85, 172","13, 67, 272","16, 9, 155","5, 222, 256","11, 29, 159","10, 216, 365","13, 140, 101","2, 121, 126","8, 229, 187","22, 20, 32","16, 169, 256","21, 71, 218","1, 126, 47","6, 199, 99","19, 143, 117","15, 201, 240","19, 174, 263","3, 210, 19","7, 97, 304","4, 142, 201","17, 46, 96","20, 21, 15","1, 146, 255","5, 41, 274","2, 38, 208","13, 180, 23"
12,408,394,50,"2, 235, 184","10, 34, 283","11, 13, 254","8, 259, 169","8, 159, 14","4, 397, 118","8, 162, 288","9, 308, 320","5, 256, 253","9, 403, 136","3, 176, 130","2, 91, 277","2, 159, 239","2, 297, 192","9, 351, 173","7, 198, 165","8, 193, 34","1, 74, 378","6, 397, 105","2, 84, 48","9, 243, 264","9, 364, 110","11, 349, 65","2, 96, 200","5, 177, 148","2, 396, 198","9, 312, 315","6, 345, 177","11, 74, 290","6, 31, 287","6, 322, 132","7, 121, 27","3, 136, 254","4, 5, 136","11, 359, 173","1, 232, 174","6, 308, 58","10, 299, 364","3, 387, 42","6, 324, 353","2, 232, 285","5, 5, 354","7, 265, 1","4, 56, 221","9, 132, 143","8, 341, 120","10, 171, 245","9, 302, 310","8, 58, 302","3, 19, 115"
10,383,500,50,"5, 331, 316","2, 11, 395","5, 338, 50","4, 5, 151","1, 285, 398","10, 228, 432","10, 218, 302","9, 33, 171","7, 124, 348","9, 340, 105","10, 301, 277","1, 73, 334","8, 270, 361","3, 263, 126","4, 181, 74","2, 55, 481","2, 234, 125","6, 192, 478","7, 269, 496","2, 301, 68","9, 89, 405","3, 230, 89","3, 216, 67","7, 231, 33","4, 342, 156","4, 164, 309","10, 263, 117","5, 247, 449","9, 345, 257","7, 237, 298","4, 269, 328","8, 211, 381","4, 107, 57","3, 366, 225","6, 150, 243","8, 338, 154","7, 272, 208","7, 101, 201","9, 331, 329","5, 84, 48","3, 42, 84","3, 383, 325","8, 45, 9","9, 280, 362","2, 32, 484","6, 1, 274","8, 182, 101","1, 109, 436","4, 289, 116","7, 116, 220"
109,38,482,50,"61, 35, 98","22, 36, 314","70, 30, 46","77, 20, 149","83, 21, 237","3, 18, 168","100, 24, 351","95, 12, 288","25, 14, 230","78, 35, 303","76, 17, 138","94, 31, 390","1, 36, 193","50, 3, 61","93, 31, 192","77, 19, 191","33, 32, 245","97, 35, 222","90, 17, 260","77, 29, 419","24, 24, 413","99, 27, 376","107, 3, 438","13, 35, 36","18, 14, 170","73, 27, 459","66, 22, 82","86, 33, 398","13, 3, 322","17, 9, 120","81, 32, 339","54, 1, 283","45, 34, 462","24, 9, 97","39, 9, 398","32, 36, 200","13, 12, 235","72, 25, 458","37, 35, 175","34, 2, 139","41, 18, 368","22, 21, 62","72, 12, 208","74, 11, 330","30, 31, 51","30, 11, 387","97, 26, 424","103, 3, 203","81, 36, 31","43, 27, 242"
23,322,262,50,"10, 45, 231","4, 241, 113","19, 66, 200","8, 64, 190","16, 149, 59","19, 289, 17","17, 89, 27","9, 103, 59","4, 105, 29","8, 215, 217","15, 317, 229","21, 268, 162","19, 139, 201","22, 32, 107","8, 153, 95","8, 24, 116","6, 261, 220","4, 241, 246","15, 195, 108","5, 193, 152","3, 33, 131","21, 268, 133","21, 126, 230","1, 17, 189","13, 212, 44","3, 164, 102","18, 175, 183","21, 98, 127","7, 151, 59","7, 26, 231","20, 143, 14","7, 237, 124","17, 229, 35","4, 192, 237","8, 189, 150","12, 175, 9","9, 189, 119","16, 16, 83","10, 26, 220","3, 250, 234","18, 37, 80","2, 232, 166","7, 245, 100","10, 9, 66","6, 313, 188","9, 301, 155","20, 252, 157","1, 174, 198","1, 258, 11","21, 275, 192"
77,98,265,50,"44, 85, 225","66, 94, 180","6, 24, 2","70, 20, 32","39, 80, 108","37, 51, 102","60, 67, 239","40, 36, 73","25, 75, 79","22, 41, 131","52, 81, 145","56, 66, 26","22, 89, 229","68, 56, 122","23, 71, 99","49, 40, 227","54, 64, 236","56, 73, 262","63, 77, 198","51, 79, 93","34, 81, 118","38, 85, 217","3, 33, 228","26, 86, 229","10, 31, 51","72, 39, 227","43, 34, 111","14, 62, 201","43, 19, 146","51, 90, 69","52, 54, 251","5, 96, 22","33, 48, 5","50, 19, 26","54, 67, 145","61, 12, 84","40, 65, 192","63, 85, 67","40, 71, 171","52, 63, 74","74, 15, 167","43, 75, 52","12, 29, 120","49, 2, 222","57, 71, 224","7, 43, 26","40, 89, 104","46, 1, 165","73, 10, 83","36, 46, 173"
117,38,448,50,"16, 34, 183","63, 12, 273","93, 9, 149","30, 25, 18","28, 9, 309","16, 22, 41","25, 16, 362","67, 19, 54","48, 36, 234","38, 36, 234","111, 10, 326","75, 23, 214","71, 28, 235","41, 16, 122","72, 7, 70","23, 29, 150","114, 6, 420","96, 37, 267","70, 4, 47","102, 14, 85","95, 1, 226","34, 37, 251","32, 22, 267","117, 32, 95","59, 12, 388","22, 33, 227","63, 31, 364","84, 19, 199","22, 16, 204","115, 25, 307","105, 6, 131","61, 29, 408","39, 13, 390","73, 35, 259","117, 34, 36","12, 10, 433","15, 29, 155","105, 21, 45","100, 26, 417","111, 21, 312","53, 13, 62","16, 35, 287","19, 33, 265","66, 31, 303","45, 26, 56","71, 32, 245","71, 7, 260","115, 28, 108","62, 26, 25","85, 31, 139"
17,315,355,50,"11, 8, 198","16, 303, 159","13, 250, 125","11, 171, 304","2, 37, 48","4, 219, 112","6, 138, 286","7, 131, 353","17, 122, 8","13, 138, 162","14, 24, 123","5, 164, 199","16, 277, 249","16, 205, 315","14, 236, 315","4, 209, 162","7, 276, 20","17, 297, 301","14, 250, 141","16, 307, 101","17, 168, 278","9, 141, 127","11, 271, 282","11, 296, 34","1, 42, 13","17, 214, 342","3, 82, 63","5, 282, 173","13, 248, 188","17, 108, 295","2, 64, 199","7, 140, 273","10, 258, 342","8, 110, 134","5, 64, 182","6, 309, 319","14, 266, 17","1, 199, 153","4, 114, 105","14, 162, 30","9, 96, 345","6, 35, 16","10, 23, 4","1, 165, 282","8, 50, 84","15, 231, 315","4, 91, 235","5, 128, 167","16, 218, 277","12, 234, 267"
31,310,207,50,"10, 21, 199","25, 76, 122","10, 275, 80","31, 295, 89","4, 77, 188","12, 98, 24","6, 148, 15","11, 134, 187","9, 218, 204","28, 101, 162","17, 109, 182","14, 68, 174","14, 249, 177","4, 29, 206","29, 297, 78","22, 34, 156","25, 164, 60","10, 87, 66","20, 160, 171","11, 285, 124","21, 281, 188","15, 10, 175","9, 153, 34","28, 184, 201","1, 223, 75","3, 274, 34","12, 101, 61","17, 69, 188","2, 269, 144","28, 153, 175","17, 240, 73","21, 201, 179","25, 93, 154","24, 12, 14","13, 17, 73","31, 124, 182","28, 172, 165","26, 302, 155","4, 38, 186","3, 53, 28","14, 123, 135","27, 148, 127","24, 159, 160","13, 30, 121","5, 82, 150","18, 300, 36","18, 168, 132","6, 45, 163","18, 53, 4","17, 106, 41"
10,469,399,50,"9, 92, 253","1, 156, 387","8, 441, 292","6, 54, 294","5, 6, 98","3, 38, 345","2, 91, 368","2, 224, 293","2, 88, 28","9, 421, 60","4, 93, 357","2, 39, 267","3, 195, 231","3, 163, 44","10, 217, 182","7, 44, 321","8, 402, 234","3, 148, 289","7, 396, 260","1, 464, 331","5, 9, 349","2, 236, 41","5, 403, 99","5, 123, 201","1, 307, 229","8, 91, 346","6, 93, 61","8, 15, 42","7, 19, 132","6, 331, 64","7, 255, 35","8, 261, 56","8, 163, 240","3, 442, 340","10, 276, 260","3, 151, 257","2, 6, 10","3, 407, 217","6, 295, 393","3, 32, 299","7, 327, 152","4, 465, 277","6, 469, 161","5, 287, 297","1, 369, 15","6, 155, 338","8, 265, 44","7, 443, 278","10, 304, 154","9, 374, 9"