194,713,721,50,"176, 349, 334","132, 364, 362","27, 198, 569","82, 208, 4","63, 402, 18","51, 413, 127","26, 523, 624","118, 680, 187","161, 527, 618","43, 593, 660","117, 140, 691","163, 565, 485","98, 619, 646","42, 366, 12","12, 685, 13","137, 699, 476","117, 302, 311","78, 233, 347","165, 62, 246","114, 90, 684","115, 537, 99","8, 417, 644","184, 252, 97","86, 325, 634","45, 609, 414","132, 136, 699","153, 495, 257","182, 277, 231","51, 70, 400","145, 561, 7","169, 661, 686","119, 659, 391","153, 113, 122","89, 539, 3","27, 653, 526","25, 116, 341","137, 607, 564","108, 504, 383","153, 270, 180","186, 305, 531","19, 262, 364","6, 621, 694","76, 705, 56","89, 403, 541","182, 312, 144","189, 43, 660","134, 32, 623","97, 274, 14","42, 272, 278","80, 412, 154"
175,676,843,50,"124, 384, 106","155, 443, 286","9, 84, 233","70, 362, 333","68, 167, 307","172, 458, 267","159, 30, 764","64, 303, 335","172, 382, 515","120, 615, 437","98, 91, 803","3, 523, 512","7, 257, 100","67, 266, 122","30, 350, 438","32, 346, 465","114, 222, 345","31, 55, 551","125, 333, 307","60, 612, 632","54, 532, 388","103, 251, 582","111, 499, 577","53, 573, 398","37, 552, 270","76, 651, 619","99, 383, 114","150, 330, 434","60, 255, 486","38, 309, 653","156, 321, 165","26, 659, 223","18, 164, 662","19, 338, 660","104, 103, 439","144, 164, 159","9, 638, 538","108, 429, 163","38, 21, 788","110, 495, 421","154, 114, 570","173, 542, 441","40, 479, 746","31, 462, 395","125, 323, 174","31, 91, 180","96, 602, 6","41, 382, 186","67, 363, 673","35, 309, 543"
177,687,822,50,"75, 247, 358","12, 511, 215","23, 357, 816","84, 603, 64","135, 101, 792","81, 438, 291","108, 132, 514","92, 622, 423","112, 184, 368","97, 657, 56","3, 633, 244","143, 549, 780","88, 102, 629","165, 443, 788","133, 294, 283","39, 81, 666","78, 292, 348","143, 675, 525","83, 322, 65","86, 450, 153","79, 243, 776","149, 586, 397","131, 300, 602","49, 164, 400","7, 418, 809","158, 550, 165","119, 269, 308","22, 575, 303","31, 633, 163","42, 330, 592","69, 308, 770","12, 464, 614","63, 604, 763","177, 119, 196","69, 137, 722","27, 256, 640","95, 642, 169","101, 123, 496","21, 326, 402","138, 565, 774","154, 384, 314","14, 518, 423","42, 628, 534","38, 368, 439","131, 508, 334","1, 546, 692","3, 625, 366","145, 389, 31","1, 494, 9","31, 165, 665"
724,337,409,50,"508, 250, 241","373, 121, 106","561, 210, 159","11, 106, 117","195, 300, 341","22, 276, 302","126, 326, 118","246, 106, 108","580, 262, 173","567, 253, 48","429, 194, 14","291, 115, 21","304, 99, 78","322, 17, 368","511, 138, 38","228, 19, 298","12, 222, 79","464, 154, 290","281, 237, 275","66, 4, 44","698, 2, 193","554, 88, 235","487, 7, 220","482, 120, 81","706, 251, 125","601, 177, 50","658, 181, 350","137, 159, 304","209, 226, 281","370, 142, 62","686, 223, 287","200, 314, 341","683, 249, 380","601, 317, 225","85, 21, 48","192, 205, 387","275, 82, 160","12, 152, 370","398, 56, 224","427, 3, 282","112, 251, 222","600, 5, 187","116, 263, 10","423, 47, 27","423, 242, 51","438, 243, 132","463, 278, 291","457, 312, 60","341, 327, 286","489, 161, 169"
796,854,147,50,"678, 102, 104","686, 771, 17","489, 514, 38","648, 406, 80","100, 267, 90","600, 57, 81","572, 701, 67","399, 826, 52","204, 623, 116","776, 541, 6","55, 803, 28","466, 697, 78","541, 580, 59","221, 166, 96","289, 153, 101","605, 794, 94","519, 388, 20","727, 685, 21","488, 821, 62","209, 212, 50","527, 746, 95","647, 314, 22","474, 567, 46","724, 145, 41","595, 676, 101","628, 829, 87","747, 570, 2","506, 235, 79","257, 590, 115","357, 10, 23","267, 349, 116","777, 417, 5","590, 204, 144","80, 475, 95","610, 541, 142","336, 151, 104","87, 714, 71","701, 500, 60","732, 186, 87","241, 567, 125","701, 666, 81","717, 384, 124","219, 84, 63","136, 237, 111","786, 369, 137","378, 216, 1","447, 505, 24","712, 89, 116","19, 195, 124","224, 117, 69"
362,732,377,50,"302, 367, 33","161, 703, 211","326, 69, 248","17, 236, 308","159, 380, 58","356, 661, 102","20, 280, 359","216, 355, 87","89, 465, 142","286, 222, 206","300, 482, 115","25, 314, 271","135, 500, 147","227, 535, 218","12, 5, 66","106, 365, 365","291, 264, 304","17, 223, 277","301, 347, 310","250, 523, 314","291, 664, 204","273, 99, 123","49, 723, 239","42, 120, 51","67, 303, 285","67, 266, 369","249, 448, 169","334, 323, 81","269, 21, 39","155, 495, 71","258, 160, 8","217, 11, 132","280, 30, 340","345, 401, 74","83, 432, 194","86, 732, 16","233, 409, 369","126, 386, 115","82, 353, 241","146, 692, 253","235, 92, 244","288, 567, 289","52, 732, 272","127, 238, 239","343, 599, 331","112, 224, 11","4, 118, 160","147, 420, 268","19, 276, 41","185, 639, 231"
225,593,749,50,"221, 589, 26","83, 455, 157","110, 329, 252","221, 339, 566","90, 241, 71","175, 124, 639","216, 483, 472","166, 185, 389","122, 378, 221","123, 208, 687","39, 93, 131","225, 378, 371","166, 355, 63","18, 10, 198","199, 357, 668","185, 551, 277","159, 410, 660","172, 404, 610","212, 558, 255","186, 177, 175","29, 70, 568","51, 343, 252","81, 11, 412","172, 118, 128","81, 36, 370","128, 141, 395","112, 67, 572","66, 353, 80","100, 295, 37","75, 387, 276","206, 441, 737","68, 288, 304","16, 75, 198","217, 237, 653","2, 240, 607","124, 90, 391","24, 400, 360","130, 47, 394","66, 164, 17","222, 426, 119","80, 368, 719","143, 521, 162","132, 452, 106","174, 533, 463","175, 438, 407","218, 56, 318","114, 472, 357","110, 92, 553","90, 434, 233","158, 311, 161"
785,599,218,50,"571, 445, 21","358, 95, 13","262, 329, 138","469, 102, 139","477, 174, 17","513, 317, 209","685, 2, 137","310, 155, 63","473, 489, 177","363, 560, 169","160, 423, 190","122, 171, 119","369, 258, 161","196, 350, 107","641, 438, 26","69, 485, 79","131, 154, 57","10, 15, 137","591, 435, 109","287, 481, 192","541, 245, 160","670, 325, 118","731, 537, 96","266, 128, 158","756, 453, 92","451, 551, 207","713, 308, 140","468, 188, 208","518, 465, 118","657, 192, 55","417, 168, 196","70, 414, 138","406, 83, 39","280, 98, 4","99, 467, 122","121, 508, 118","755, 99, 101","49, 65, 51","308, 564, 30","576, 69, 206","169, 89, 146","371, 143, 118","338, 440, 18","654, 565, 142","36, 309, 124","45, 402, 30","110, 260, 81","160, 262, 179","673, 77, 2","81, 69, 32"
459,576,378,50,"192, 336, 218","457, 544, 336","448, 263, 242","23, 52, 313","92, 105, 12","199, 38, 81","422, 263, 159","183, 57, 159","91, 417, 6","323, 186, 304","66, 188, 214","273, 12, 365","92, 13, 77","395, 330, 231","172, 256, 8","444, 159, 287","336, 35, 314","118, 250, 361","234, 205, 19","239, 34, 83","145, 574, 374","430, 547, 233","98, 18, 361","353, 342, 354","73, 390, 68","240, 241, 366","349, 425, 168","14, 440, 267","13, 181, 183","244, 352, 134","151, 301, 220","424, 339, 5","147, 125, 57","406, 475, 378","64, 49, 72","56, 106, 188","49, 462, 58","450, 123, 357","151, 531, 57","174, 73, 30","35, 187, 352","222, 95, 307","181, 247, 28","379, 303, 324","105, 5, 254","97, 501, 241","24, 216, 200","377, 418, 168","23, 248, 146","18, 77, 210"
513,481,405,50,"321, 379, 3","41, 415, 95","270, 317, 7","442, 134, 378","50, 145, 302","385, 133, 394","382, 432, 17","148, 339, 323","1, 7, 293","63, 210, 94","150, 358, 172","71, 233, 12","63, 394, 179","284, 272, 104","472, 22, 157","380, 222, 151","242, 263, 172","11, 219, 40","69, 291, 157","424, 348, 312","50, 165, 38","466, 166, 264","278, 435, 95","141, 410, 382","491, 159, 103","459, 369, 24","259, 371, 3","482, 296, 226","497, 142, 235","469, 50, 174","465, 79, 63","300, 369, 17","142, 184, 245","51, 256, 252","231, 124, 24","28, 44, 322","69, 463, 148","14, 189, 309","259, 373, 3","142, 118, 251","441, 379, 150","2, 449, 388","448, 38, 27","18, 382, 283","71, 350, 173","295, 320, 376","341, 313, 258","56, 331, 230","405, 402, 199","236, 153, 196"
518,984,196,50,"153, 217, 71","305, 116, 65","429, 925, 62","42, 534, 31","247, 503, 125","457, 150, 71","514, 605, 183","412, 338, 145","165, 940, 52","133, 862, 79","349, 820, 102","257, 155, 145","291, 183, 59","184, 454, 136","96, 462, 167","493, 771, 80","135, 412, 174","138, 136, 13","136, 925, 74","410, 433, 3","498, 666, 93","72, 770, 123","356, 473, 119","455, 923, 181","177, 192, 113","3, 267, 159","52, 629, 127","253, 252, 70","289, 690, 11","512, 111, 113","373, 574, 136","385, 114, 36","371, 362, 35","164, 76, 50","191, 462, 30","413, 334, 178","2, 322, 126","463, 7, 38","261, 863, 55","59, 641, 184","494, 678, 157","508, 111, 129","456, 571, 65","394, 775, 172","56, 783, 35","123, 12, 96","136, 79, 134","116, 491, 92","341, 771, 137","79, 901, 49"
416,641,375,50,"58, 152, 80","405, 55, 16","152, 34, 21","401, 504, 299","327, 305, 207","298, 557, 96","33, 227, 258","62, 396, 237","24, 614, 328","313, 68, 290","277, 289, 12","258, 228, 106","220, 28, 97","203, 110, 298","48, 618, 232","404, 291, 296","172, 208, 206","195, 518, 103","247, 87, 179","182, 168, 365","104, 333, 62","17, 443, 16","93, 490, 298","324, 432, 178","84, 478, 159","363, 24, 138","310, 620, 292","20, 564, 330","55, 640, 54","289, 623, 20","66, 574, 309","287, 78, 332","23, 122, 152","279, 419, 37","159, 179, 265","327, 537, 115","186, 207, 26","308, 573, 211","404, 572, 318","410, 345, 314","260, 103, 42","1, 29, 170","190, 187, 208","123, 466, 76","306, 347, 338","341, 129, 275","97, 313, 201","71, 223, 104","152, 551, 196","405, 186, 169"
136,822,892,50,"25, 553, 279","48, 311, 726","38, 116, 345","21, 201, 11","110, 78, 857","45, 677, 276","92, 571, 771","106, 443, 119","15, 560, 213","31, 157, 160","114, 300, 560","69, 184, 78","43, 251, 681","91, 236, 712","49, 242, 521","2, 423, 232","76, 741, 123","21, 654, 106","95, 474, 137","130, 544, 818","18, 822, 764","124, 286, 313","26, 720, 180","94, 185, 135","26, 429, 146","39, 704, 346","129, 221, 682","66, 60, 9","67, 624, 263","53, 502, 239","23, 754, 18","69, 388, 248","134, 82, 624","10, 403, 414","14, 771, 646","4, 27, 365","128, 642, 239","85, 102, 388","20, 757, 169","111, 601, 644","6, 676, 713","15, 684, 77","100, 541, 864","4, 205, 812","13, 675, 328","85, 704, 589","35, 625, 792","96, 547, 48","133, 783, 265","126, 176, 276"
117,964,886,50,"107, 307, 164","41, 78, 434","96, 281, 305","13, 600, 353","24, 302, 646","117, 391, 538","113, 626, 280","2, 256, 124","7, 410, 263","7, 683, 603","32, 894, 786","66, 610, 445","97, 626, 577","112, 92, 868","26, 257, 698","54, 280, 803","53, 846, 50","110, 472, 559","113, 526, 94","107, 780, 460","93, 743, 760","2, 564, 151","56, 494, 296","65, 48, 376","80, 205, 880","35, 959, 39","56, 249, 175","37, 238, 233","92, 310, 733","66, 134, 301","27, 22, 282","78, 891, 80","116, 88, 817","16, 288, 871","60, 207, 750","84, 515, 857","3, 800, 162","12, 23, 67","110, 165, 62","35, 267, 524","15, 45, 389","93, 667, 19","101, 729, 511","31, 360, 184","21, 619, 506","106, 370, 581","40, 795, 158","46, 240, 752","37, 712, 209","32, 272, 669"
519,591,326,50,"431, 68, 167","128, 101, 209","376, 43, 318","330, 237, 2","230, 82, 124","73, 243, 263","294, 34, 252","242, 535, 271","124, 139, 306","264, 112, 141","519, 291, 277","25, 493, 310","111, 198, 112","282, 119, 192","32, 585, 127","271, 154, 71","376, 520, 241","411, 261, 182","377, 154, 33","38, 244, 194","95, 141, 294","421, 531, 69","378, 132, 229","469, 156, 241","209, 354, 140","183, 42, 28","434, 580, 256","130, 501, 67","110, 215, 164","110, 175, 134","104, 416, 190","319, 460, 315","78, 103, 119","61, 60, 287","164, 581, 190","282, 117, 281","359, 454, 47","217, 391, 135","423, 385, 249","166, 127, 202","112, 461, 130","302, 500, 86","14, 370, 52","134, 492, 236","370, 272, 69","26, 180, 2","85, 121, 210","244, 154, 58","465, 529, 74","398, 457, 37"
375,274,972,50,"318, 171, 328","334, 142, 592","370, 123, 3","324, 153, 673","148, 257, 372","277, 117, 612","101, 119, 665","39, 262, 508","27, 32, 768","328, 176, 90","182, 76, 916","187, 254, 569","359, 163, 958","69, 252, 48","301, 228, 728","225, 56, 525","352, 119, 571","300, 102, 918","252, 12, 605","179, 198, 172","372, 64, 646","63, 113, 485","174, 221, 698","319, 145, 71","218, 100, 181","326, 241, 782","130, 76, 587","197, 68, 536","231, 116, 310","308, 173, 144","222, 102, 232","375, 16, 750","93, 233, 883","345, 165, 562","111, 252, 264","369, 262, 775","230, 212, 201","284, 176, 597","288, 101, 580","261, 209, 321","55, 218, 7","40, 162, 793","323, 81, 69","339, 270, 668","137, 166, 322","79, 151, 830","367, 28, 406","221, 270, 835","131, 215, 464","365, 128, 120"
116,855,1000,50,"30, 664, 562","9, 774, 968","69, 461, 110","79, 258, 687","105, 696, 647","68, 185, 855","77, 571, 95","96, 718, 793","27, 786, 123","16, 145, 40","73, 688, 622","95, 443, 554","111, 189, 854","84, 57, 420","112, 774, 749","60, 250, 799","90, 330, 166","36, 63, 456","68, 722, 385","58, 843, 487","85, 364, 18","82, 463, 833","111, 66, 226","12, 19, 61","19, 764, 478","13, 534, 899","37, 368, 720","60, 585, 262","30, 379, 963","72, 214, 309","100, 715, 876","20, 826, 319","36, 665, 618","35, 587, 872","93, 108, 207","39, 306, 757","36, 763, 910","22, 283, 61","80, 829, 194","84, 518, 919","114, 7, 435","112, 182, 396","40, 92, 466","51, 270, 976","96, 799, 911","33, 332, 129","93, 209, 87","113, 744, 198","111, 567, 915","73, 840, 121"
294,435,780,50,"95, 46, 312","150, 112, 732","220, 393, 14","79, 139, 564","168, 140, 645","73, 380, 121","227, 420, 97","47, 223, 457","175, 44, 556","170, 277, 158","130, 378, 167","85, 237, 535","84, 214, 234","152, 42, 52","283, 277, 479","283, 391, 326","94, 20, 368","53, 299, 551","30, 58, 584","78, 346, 414","257, 216, 475","128, 272, 278","156, 83, 384","197, 180, 404","39, 380, 48","133, 297, 460","266, 416, 113","150, 101, 420","73, 138, 727","44, 362, 605","199, 417, 756","5, 177, 407","141, 262, 644","94, 124, 691","244, 48, 219","139, 58, 142","224, 286, 250","157, 75, 41","289, 275, 289","258, 314, 646","145, 159, 259","88, 38, 146","223, 67, 728","7, 130, 488","15, 382, 224","218, 21, 112","193, 121, 219","259, 34, 653","275, 52, 288","162, 118, 173"
273,496,753,50,"91, 204, 34","195, 32, 302","82, 108, 724","63, 71, 114","154, 471, 108","223, 196, 128","187, 159, 307","167, 171, 563","219, 208, 321","273, 314, 431","117, 301, 47","77, 256, 71","70, 422, 709","177, 323, 250","59, 221, 307","97, 199, 380","188, 425, 132","263, 20, 563","256, 98, 672","184, 324, 129","33, 477, 384","59, 152, 211","67, 437, 362","62, 72, 163","29, 102, 20","25, 318, 463","207, 297, 469","259, 117, 152","63, 54, 224","41, 67, 633","221, 165, 360","273, 342, 370","116, 298, 702","94, 421, 212","268, 340, 412","54, 97, 288","111, 395, 271","12, 268, 97","269, 64, 97","139, 274, 536","61, 169, 436","42, 447, 2","77, 372, 397","72, 76, 589","162, 347, 316","115, 88, 189","124, 40, 116","261, 295, 435","157, 9, 362","250, 331, 443"
409,347,703,50,"30, 256, 116","20, 117, 321","273, 215, 514","145, 315, 279","205, 129, 178","218, 333, 221","13, 46, 601","73, 82, 3","347, 214, 70","151, 95, 673","347, 37, 246","160, 154, 590","317, 293, 390","130, 116, 562","297, 218, 151","148, 126, 40","277, 231, 92","195, 24, 476","401, 149, 336","40, 98, 202","98, 116, 136","123, 22, 211","267, 41, 619","122, 223, 301","147, 60, 380","253, 151, 181","398, 111, 345","271, 345, 457","57, 302, 622","247, 70, 502","212, 215, 456","127, 91, 574","204, 290, 648","154, 47, 319","385, 128, 268","138, 181, 191","267, 115, 464","284, 317, 321","260, 72, 463","20, 311, 208","359, 113, 366","90, 214, 580","304, 80, 190","76, 331, 63","409, 54, 611","165, 92, 413","235, 77, 325","239, 189, 264","115, 315, 576","106, 54, 524"
124,974,826,50,"82, 945, 639","122, 648, 161","69, 23, 278","58, 233, 609","71, 552, 254","120, 180, 11","95, 803, 156","85, 529, 717","124, 616, 216","26, 654, 552","86, 186, 434","5, 614, 730","7, 153, 385","64, 645, 121","123, 738, 463","92, 287, 356","114, 816, 811","14, 99, 350","23, 940, 447","27, 345, 596","34, 823, 283","63, 934, 564","72, 290, 684","123, 445, 9","36, 973, 116","46, 405, 414","78, 12, 198","80, 646, 573","33, 150, 326","12, 293, 106","59, 465, 426","19, 791, 826","72, 654, 399","12, 829, 322","78, 202, 526","122, 523, 281","4, 662, 752","78, 310, 738","47, 478, 744","123, 542, 430","87, 495, 609","111, 852, 687","120, 166, 676","110, 874, 646","73, 63, 398","110, 314, 270","19, 951, 620","117, 63, 589","26, 676, 148","57, 16, 636"
404,543,455,50,"34, 94, 186","191, 385, 130","385, 220, 236","377, 397, 316","359, 89, 11","35, 312, 245","332, 491, 65","366, 481, 123","381, 127, 256","268, 61, 325","375, 311, 394","211, 240, 26","151, 136, 42","334, 253, 50","181, 160, 372","162, 94, 371","319, 344, 293","323, 114, 236","38, 74, 134","188, 18, 304","259, 77, 176","320, 480, 36","105, 124, 290","261, 75, 28","228, 109, 277","78, 60, 57","270, 276, 173","247, 167, 431","43, 471, 409","251, 91, 170","189, 470, 77","13, 107, 326","24, 123, 380","130, 6, 191","68, 4, 350","379, 302, 322","125, 327, 336","2, 164, 388","200, 312, 143","347, 138, 256","52, 177, 450","13, 6, 398","67, 297, 185","8, 420, 393","185, 481, 338","282, 313, 361","57, 42, 86","316, 331, 325","238, 17, 275","307, 367, 436"
834,190,630,50,"504, 69, 138","19, 171, 244","243, 152, 542","11, 120, 569","723, 166, 157","575, 93, 226","87, 5, 361","480, 35, 111","260, 64, 287","34, 21, 466","723, 124, 371","825, 73, 457","20, 110, 355","601, 93, 94","581, 33, 303","69, 101, 180","471, 30, 85","623, 98, 214","771, 54, 475","520, 190, 335","661, 118, 612","238, 124, 33","441, 6, 432","689, 47, 507","231, 126, 368","351, 152, 510","269, 9, 337","162, 132, 284","45, 6, 311","526, 51, 362","542, 55, 391","524, 181, 471","328, 188, 620","372, 74, 163","258, 144, 122","326, 147, 365","772, 153, 514","363, 83, 542","428, 108, 312","174, 153, 134","454, 9, 250","173, 137, 118","430, 166, 64","633, 176, 421","82, 44, 625","15, 82, 497","369, 53, 370","110, 187, 87","451, 181, 13","609, 173, 160"
384,581,448,50,"1, 82, 115","5, 262, 448","174, 361, 99","101, 289, 305","92, 435, 181","50, 335, 334","383, 454, 379","237, 372, 211","18, 141, 222","31, 239, 94","125, 564, 95","216, 253, 287","308, 243, 257","215, 526, 403","238, 358, 380","207, 122, 60","271, 204, 31","43, 477, 64","352, 23, 109","264, 283, 224","110, 410, 282","265, 183, 169","120, 495, 386","111, 250, 158","373, 326, 316","370, 465, 298","99, 421, 24","234, 60, 100","292, 550, 109","274, 275, 316","96, 50, 23","317, 362, 138","365, 240, 56","370, 299, 158","368, 566, 149","148, 5, 206","123, 310, 320","336, 564, 345","291, 193, 14","296, 519, 292","137, 552, 12","280, 487, 228","9, 130, 261","257, 81, 243","227, 442, 244","116, 138, 239","186, 486, 3","98, 275, 419","259, 339, 367","263, 379, 388"
134,924,807,50,"40, 99, 729","64, 175, 266","96, 560, 604","13, 823, 107","79, 135, 266","107, 630, 231","84, 723, 17","110, 609, 775","5, 283, 350","110, 874, 477","62, 538, 82","104, 788, 509","75, 403, 544","85, 89, 555","4, 383, 227","37, 508, 698","117, 120, 474","123, 512, 737","21, 228, 501","117, 17, 273","106, 438, 337","4, 920, 27","108, 745, 613","56, 913, 550","81, 827, 14","126, 268, 590","6, 32, 79","120, 700, 238","80, 256, 491","121, 246, 444","97, 558, 347","20, 362, 476","75, 599, 186","122, 773, 760","21, 215, 389","87, 728, 601","25, 859, 357","128, 659, 508","20, 769, 755","43, 372, 698","51, 204, 129","7, 789, 393","61, 389, 509","9, 607, 582","123, 616, 499","130, 873, 717","72, 17, 511","46, 797, 414","105, 596, 649","122, 498, 225"
200,768,650,50,"5, 293, 43","122, 644, 204","40, 704, 631","145, 135, 517","85, 618, 84","15, 130, 424","50, 299, 102","73, 759, 115","47, 725, 101","53, 66, 296","65, 590, 624","168, 402, 291","26, 247, 172","43, 160, 379","53, 95, 193","78, 58, 369","121, 507, 173","147, 484, 20","52, 618, 493","200, 239, 61","31, 575, 281","117, 627, 390","112, 509, 377","30, 474, 74","134, 666, 222","178, 425, 423","70, 371, 247","162, 110, 228","30, 51, 298","43, 715, 23","9, 744, 415","146, 690, 263","74, 515, 293","179, 32, 139","6, 192, 268","123, 162, 444","7, 496, 616","175, 551, 627","73, 476, 477","19, 444, 274","45, 398, 148","25, 747, 190","181, 611, 33","19, 671, 256","119, 379, 603","27, 123, 331","2, 304, 88","127, 213, 613","95, 606, 159","159, 382, 570"
449,516,431,50,"98, 363, 254","349, 175, 305","71, 399, 322","163, 10, 77","399, 511, 231","331, 42, 331","447, 237, 274","120, 248, 193","8, 211, 102","175, 479, 386","420, 430, 193","301, 238, 178","170, 206, 196","274, 463, 376","298, 350, 309","140, 503, 65","319, 468, 241","65, 425, 55","149, 290, 167","247, 136, 115","307, 168, 405","367, 228, 200","276, 230, 10","325, 514, 265","95, 450, 194","38, 416, 82","208, 139, 345","45, 506, 194","66, 387, 80","175, 403, 349","117, 374, 420","130, 274, 229","273, 341, 303","354, 389, 109","148, 505, 181","227, 277, 261","325, 21, 246","412, 66, 381","401, 344, 394","249, 472, 345","16, 97, 363","425, 470, 312","267, 113, 423","413, 95, 153","1, 136, 225","410, 370, 104","163, 300, 38","355, 197, 258","53, 398, 114","341, 222, 389"
558,737,243,50,"416, 352, 116","286, 42, 9","47, 96, 227","351, 429, 212","171, 665, 93","543, 663, 140","223, 290, 27","451, 634, 191","80, 174, 32","144, 222, 56","98, 421, 102","239, 517, 165","361, 486, 28","240, 245, 92","230, 220, 51","185, 355, 32","198, 152, 30","405, 16, 201","43, 440, 141","323, 240, 71","40, 596, 208","492, 367, 31","107, 410, 57","405, 352, 145","406, 26, 217","8, 473, 35","381, 448, 102","114, 238, 181","261, 279, 21","33, 101, 39","79, 689, 155","447, 301, 188","247, 485, 67","280, 521, 93","267, 49, 56","269, 129, 17","282, 697, 52","207, 49, 226","31, 711, 85","233, 714, 1","437, 470, 228","292, 20, 135","555, 414, 184","101, 682, 145","400, 422, 138","305, 233, 86","441, 126, 105","80, 108, 173","312, 719, 44","247, 30, 64"
474,549,384,50,"4, 84, 212","221, 262, 335","415, 418, 72","464, 284, 232","90, 486, 188","160, 126, 302","70, 326, 241","314, 437, 175","5, 401, 157","74, 243, 17","323, 243, 215","35, 401, 310","340, 26, 22","17, 108, 166","54, 426, 328","13, 354, 178","179, 531, 46","72, 77, 371","83, 203, 77","179, 63, 222","331, 349, 221","359, 52, 65","224, 232, 68","225, 104, 54","363, 381, 320","147, 405, 284","115, 261, 32","49, 211, 76","219, 381, 224","93, 95, 254","343, 424, 198","186, 177, 315","155, 86, 293","21, 446, 19","103, 338, 270","145, 129, 321","328, 431, 356","95, 151, 288","143, 378, 220","254, 478, 370","169, 499, 267","306, 4, 262","262, 434, 97","99, 326, 15","331, 349, 237","144, 204, 364","438, 490, 378","134, 395, 380","103, 297, 55","220, 364, 1"
187,606,879,50,"166, 183, 609","15, 141, 256","139, 332, 180","99, 576, 455","42, 420, 770","94, 443, 497","174, 295, 815","54, 356, 272","74, 63, 765","91, 459, 702","17, 426, 107","122, 274, 790","88, 88, 721","180, 191, 235","138, 154, 58","143, 214, 234","102, 490, 34","47, 553, 63","121, 221, 420","87, 173, 720","161, 35, 233","121, 267, 313","82, 571, 761","77, 518, 351","172, 347, 578","141, 235, 45","99, 6, 160","54, 584, 469","119, 285, 140","145, 545, 526","182, 149, 418","121, 589, 351","117, 493, 450","134, 148, 561","50, 486, 839","36, 237, 677","67, 23, 477","95, 504, 201","167, 344, 791","113, 502, 137","43, 438, 345","165, 368, 173","91, 414, 667","18, 331, 667","182, 41, 579","45, 379, 305","20, 158, 259","62, 131, 808","123, 99, 207","52, 336, 748"
999,578,173,50,"942, 286, 17","393, 344, 40","278, 239, 67","723, 548, 91","619, 222, 133","119, 200, 114","39, 93, 48","707, 575, 168","919, 519, 36","394, 72, 99","725, 488, 148","75, 570, 151","88, 272, 155","754, 462, 69","953, 99, 79","601, 506, 172","420, 406, 26","547, 282, 109","561, 7, 106","490, 363, 165","186, 493, 38","327, 91, 169","706, 133, 91","218, 72, 73","306, 420, 56","105, 559, 80","425, 58, 122","90, 347, 155","609, 578, 74","553, 311, 91","210, 537, 65","962, 445, 99","654, 140, 6","792, 56, 154","520, 344, 100","123, 160, 87","679, 552, 95","555, 443, 99","469, 95, 40","253, 398, 52","25, 165, 138","964, 395, 86","580, 191, 35","710, 89, 3","282, 71, 164","883, 478, 155","259, 67, 136","376, 475, 20","90, 184, 5","416, 366, 171"
133,978,766,50,"87, 272, 249","128, 699, 227","60, 783, 96","50, 373, 48","87, 645, 712","124, 144, 163","80, 614, 728","131, 69, 579","5, 28, 257","91, 655, 578","123, 736, 462","130, 57, 145","115, 844, 25","114, 54, 384","24, 586, 709","51, 45, 459","107, 40, 322","3, 321, 564","102, 963, 13","48, 897, 130","43, 277, 152","121, 895, 338","17, 416, 596","103, 9, 203","80, 327, 533","29, 450, 205","98, 657, 657","117, 196, 716","109, 229, 477","66, 852, 743","36, 808, 582","48, 920, 502","87, 461, 262","121, 667, 105","94, 242, 42","84, 370, 111","97, 746, 668","95, 385, 439","32, 119, 682","17, 67, 381","57, 147, 401","85, 585, 365","88, 477, 290","24, 741, 272","65, 228, 637","72, 602, 611","48, 806, 270","65, 803, 420","132, 826, 595","7, 616, 96"
225,499,889,50,"114, 308, 598","194, 482, 181","202, 471, 135","133, 282, 467","68, 56, 172","203, 413, 725","209, 441, 14","52, 248, 860","87, 156, 801","223, 89, 582","198, 4, 436","142, 445, 608","47, 80, 601","126, 272, 501","50, 70, 335","1, 373, 564","144, 85, 280","100, 70, 624","75, 262, 11","177, 367, 791","179, 291, 841","93, 242, 798","75, 44, 743","41, 47, 269","156, 157, 569","212, 213, 777","42, 77, 667","148, 292, 524","45, 483, 104","172, 385, 810","90, 174, 280","145, 461, 830","101, 306, 570","14, 164, 837","118, 262, 539","58, 207, 640","174, 77, 164","136, 78, 67","215, 440, 431","92, 395, 674","174, 369, 28","168, 99, 554","21, 177, 538","224, 129, 844","18, 488, 749","167, 296, 697","157, 105, 81","152, 421, 220","182, 243, 742","25, 310, 731"
641,288,541,50,"130, 191, 392","570, 109, 513","241, 189, 163","310, 252, 279","636, 162, 401","249, 142, 380","454, 73, 518","101, 79, 447","188, 254, 139","225, 89, 482","418, 180, 177","257, 8, 57","177, 169, 91","242, 183, 484","463, 48, 343","15, 175, 519","531, 279, 142","492, 229, 319","16, 277, 273","147, 4, 141","562, 143, 340","481, 44, 380","190, 270, 318","18, 41, 142","60, 114, 179","223, 15, 355","17, 105, 229","161, 37, 402","166, 22, 53","155, 75, 306","290, 97, 335","548, 269, 205","459, 258, 44","132, 166, 413","100, 146, 235","48, 262, 515","475, 239, 305","116, 133, 99","592, 96, 167","237, 13, 528","236, 226, 141","6, 233, 375","274, 12, 391","568, 128, 258","1, 49, 36","233, 251, 478","34, 220, 388","110, 31, 487","110, 249, 310","200, 171, 504"
310,555,580,50,"94, 99, 203","53, 192, 94","24, 124, 539","181, 331, 485","53, 79, 507","118, 55, 415","299, 55, 416","129, 528, 162","36, 156, 283","209, 379, 518","151, 21, 175","266, 132, 553","200, 63, 40","165, 539, 412","22, 251, 5","233, 74, 455","128, 309, 477","10, 554, 434","285, 352, 526","179, 504, 352","27, 523, 336","224, 490, 275","286, 30, 86","127, 383, 291","66, 150, 145","3, 451, 20","59, 325, 556","215, 277, 512","250, 480, 328","168, 218, 85","31, 442, 512","252, 471, 82","218, 177, 1","309, 213, 369","46, 493, 557","197, 252, 41","84, 449, 535","138, 108, 236","178, 497, 80","91, 410, 115","298, 475, 126","56, 352, 437","104, 21, 516","58, 51, 411","88, 226, 442","22, 265, 415","149, 207, 575","289, 522, 543","121, 156, 198","93, 150, 56"
286,371,940,50,"14, 99, 489","146, 312, 832","47, 172, 370","275, 247, 670","155, 146, 64","37, 123, 206","192, 71, 215","155, 188, 212","262, 239, 681","272, 371, 308","245, 34, 806","233, 163, 475","17, 43, 591","145, 265, 446","164, 44, 877","89, 221, 588","120, 241, 629","48, 280, 658","64, 200, 634","279, 260, 570","269, 46, 440","235, 268, 805","91, 5, 855","74, 184, 373","259, 224, 284","136, 246, 432","282, 329, 794","82, 7, 244","134, 326, 874","268, 206, 60","82, 79, 22","187, 202, 836","5, 367, 111","174, 158, 915","67, 11, 115","231, 36, 581","47, 36, 486","207, 123, 831","133, 226, 675","242, 290, 243","204, 112, 337","242, 239, 914","90, 262, 554","66, 151, 681","28, 156, 837","175, 122, 238","189, 32, 289","260, 163, 18","89, 293, 199","83, 256, 458"
787,190,668,50,"216, 175, 167","592, 172, 343","554, 132, 129","741, 121, 33","751, 43, 597","534, 140, 271","442, 147, 398","538, 66, 432","352, 28, 603","110, 175, 557","207, 38, 185","91, 149, 620","326, 120, 615","99, 95, 270","749, 109, 43","718, 64, 280","263, 73, 383","418, 103, 82","184, 14, 31","183, 110, 538","722, 16, 415","4, 130, 375","755, 189, 461","689, 41, 27","583, 176, 205","31, 93, 242","296, 176, 564","60, 111, 646","492, 82, 293","42, 98, 203","752, 77, 419","411, 26, 315","527, 80, 204","154, 158, 583","700, 18, 323","732, 63, 447","742, 46, 120","291, 169, 389","341, 120, 557","31, 65, 637","139, 85, 425","4, 145, 654","373, 85, 186","42, 120, 586","251, 149, 256","5, 15, 667","446, 116, 407","686, 122, 643","715, 87, 498","311, 80, 324"
869,612,188,50,"295, 106, 11","543, 199, 6","442, 51, 171","451, 320, 188","754, 203, 103","133, 57, 82","836, 162, 187","650, 460, 74","747, 242, 83","502, 28, 147","729, 237, 37","711, 103, 167","273, 402, 61","577, 401, 102","333, 522, 80","507, 269, 30","200, 60, 133","653, 8, 135","199, 287, 91","820, 74, 107","76, 12, 44","92, 482, 19","542, 352, 155","554, 179, 39","700, 382, 188","829, 369, 45","203, 26, 113","318, 531, 25","402, 269, 101","576, 385, 102","845, 225, 42","772, 238, 58","56, 473, 96","595, 349, 27","779, 148, 143","199, 512, 163","143, 53, 118","597, 70, 96","200, 62, 109","369, 177, 118","5, 479, 119","291, 146, 35","722, 407, 18","250, 537, 142","241, 255, 28","610, 408, 19","743, 77, 94","283, 139, 175","771, 291, 14","808, 176, 103"
668,208,719,50,"429, 112, 137","287, 33, 517","377, 28, 139","47, 32, 589","269, 37, 584","418, 153, 358","429, 198, 672","279, 35, 24","116, 182, 466","22, 129, 144","82, 69, 707","633, 67, 711","494, 50, 399","272, 130, 26","321, 25, 53","233, 154, 21","177, 107, 492","633, 208, 189","26, 122, 204","78, 80, 570","526, 18, 364","74, 92, 464","465, 121, 422","610, 75, 503","629, 105, 367","81, 109, 587","416, 42, 418","239, 14, 255","427, 152, 510","91, 36, 662","122, 183, 287","599, 19, 563","89, 137, 277","232, 177, 715","280, 151, 154","660, 206, 672","339, 200, 109","308, 95, 385","654, 181, 57","486, 119, 274","471, 90, 516","144, 32, 388","97, 36, 660","333, 108, 619","320, 87, 82","561, 157, 166","57, 136, 73","123, 57, 82","554, 139, 437","530, 85, 354"
388,971,265,50,"348, 772, 258","262, 703, 30","361, 35, 9","328, 149, 208","334, 465, 110","336, 239, 144","250, 419, 24","79, 88, 68","143, 189, 111","160, 10, 202","381, 124, 82","39, 347, 260","323, 329, 32","153, 917, 126","272, 764, 46","219, 813, 210","119, 228, 113","12, 796, 183","386, 925, 153","154, 408, 172","311, 9, 66","260, 102, 146","186, 481, 223","88, 552, 78","152, 88, 190","321, 427, 62","317, 797, 33","278, 825, 4","379, 414, 198","120, 461, 202","352, 7, 214","355, 378, 179","37, 580, 243","213, 261, 3","277, 380, 247","345, 101, 20","348, 262, 2","254, 570, 161","61, 248, 87","181, 243, 224","291, 156, 150","123, 557, 71","329, 391, 129","270, 916, 66","267, 128, 64","303, 360, 85","330, 391, 169","368, 168, 80","25, 423, 218","362, 629, 112"
648,282,547,50,"176, 88, 30","286, 200, 282","527, 110, 24","91, 179, 220","469, 271, 248","510, 100, 315","242, 273, 243","158, 257, 433","470, 132, 525","93, 177, 340","327, 180, 10","308, 38, 28","131, 88, 320","5, 48, 211","333, 260, 455","545, 207, 503","18, 96, 152","376, 214, 420","269, 275, 179","526, 69, 234","91, 270, 544","332, 77, 172","541, 48, 151","308, 11, 431","559, 5, 194","244, 18, 391","184, 66, 323","578, 82, 399","152, 173, 195","91, 183, 300","89, 128, 28","501, 80, 521","227, 239, 456","462, 175, 62","87, 24, 430","546, 163, 502","553, 25, 336","285, 212, 266","419, 13, 343","362, 74, 382","325, 1, 71","165, 174, 16","181, 94, 1","162, 194, 13","520, 116, 511","156, 38, 173","333, 159, 31","76, 146, 86","312, 176, 186","618, 194, 358"
242,997,413,50,"37, 659, 15","153, 384, 406","240, 540, 258","111, 135, 340","222, 277, 64","30, 887, 41","2, 646, 155","190, 164, 327","80, 362, 304","150, 112, 410","68, 700, 173","20, 283, 381","191, 825, 294","83, 76, 115","239, 768, 166","102, 955, 31","201, 703, 108","127, 404, 48","36, 874, 396","77, 815, 250","151, 461, 295","160, 757, 69","163, 303, 308","95, 583, 238","83, 86, 331","169, 707, 186","59, 276, 12","168, 95, 250","210, 392, 392","63, 57, 22","114, 913, 245","104, 759, 161","87, 776, 356","209, 640, 131","116, 708, 74","113, 418, 213","123, 360, 413","78, 141, 29","170, 98, 109","231, 441, 394","209, 246, 17","169, 241, 48","214, 251, 367","221, 680, 353","142, 587, 281","214, 687, 89","2, 482, 231","81, 216, 338","155, 984, 385","230, 139, 83"
278,491,731,50,"1, 479, 384","196, 125, 196","219, 446, 469","178, 145, 352","116, 389, 353","122, 467, 442","151, 377, 432","150, 150, 333","104, 48, 105","147, 462, 391","135, 143, 346","233, 457, 543","237, 467, 73","100, 271, 304","42, 121, 597","128, 126, 207","56, 302, 568","136, 205, 391","218, 330, 494","66, 167, 220","69, 365, 661","93, 28, 98","215, 29, 310","74, 491, 294","273, 262, 641","41, 276, 354","114, 196, 400","200, 60, 637","89, 3, 625","203, 186, 458","269, 471, 26","119, 329, 82","204, 142, 363","278, 122, 325","125, 364, 1","194, 306, 581","134, 63, 411","45, 442, 504","273, 338, 208","111, 94, 62","79, 406, 395","226, 111, 306","269, 225, 638","200, 403, 395","253, 460, 264","36, 15, 495","157, 216, 51","3, 89, 724","154, 37, 119","243, 57, 238"
395,288,879,50,"120, 98, 177","123, 94, 25","284, 51, 433","372, 232, 2","304, 52, 639","29, 91, 652","247, 123, 77","166, 125, 480","290, 165, 396","213, 241, 756","127, 258, 462","375, 18, 648","381, 208, 335","141, 163, 847","228, 247, 9","176, 204, 772","195, 77, 21","130, 97, 846","231, 213, 488","48, 125, 105","155, 149, 19","305, 212, 730","92, 46, 683","379, 174, 102","263, 248, 635","326, 283, 527","230, 218, 135","8, 159, 765","109, 192, 127","127, 186, 815","68, 260, 262","252, 179, 382","191, 206, 311","107, 185, 169","209, 25, 7","90, 144, 289","311, 213, 660","103, 83, 537","105, 214, 275","365, 10, 854","50, 191, 502","118, 268, 461","304, 245, 153","90, 263, 703","153, 228, 309","204, 237, 750","332, 61, 282","38, 37, 455","328, 169, 658","100, 276, 342"
288,761,456,50,"234, 275, 6","182, 417, 144","15, 417, 288","153, 224, 237","169, 280, 204","270, 131, 111","161, 518, 182","204, 702, 290","22, 85, 187","205, 292, 166","117, 75, 1","143, 101, 113","216, 299, 307","122, 133, 134","200, 398, 135","202, 546, 303","175, 683, 141","245, 671, 345","182, 233, 153","112, 372, 187","100, 180, 313","68, 502, 396","31, 629, 209","255, 227, 386","71, 736, 249","101, 26, 302","142, 22, 192","158, 340, 340","160, 501, 442","87, 225, 273","253, 16, 364","186, 672, 391","132, 702, 97","269, 665, 2","29, 26, 216","261, 674, 301","240, 56, 355","24, 344, 424","154, 207, 294","213, 68, 407","124, 341, 421","280, 215, 270","36, 369, 175","158, 101, 358","78, 693, 42","103, 626, 262","208, 625, 43","148, 115, 417","151, 334, 435","74, 620, 452"
667,391,383,50,"281, 309, 321","6, 384, 273","593, 335, 195","401, 380, 23","431, 330, 227","293, 367, 61","645, 241, 16","256, 49, 44","55, 316, 262","641, 108, 169","276, 88, 215","499, 305, 65","74, 62, 167","650, 211, 306","276, 322, 361","313, 373, 98","21, 68, 133","122, 148, 114","581, 269, 193","362, 172, 299","535, 80, 148","112, 372, 254","556, 12, 320","28, 70, 169","121, 133, 199","13, 160, 230","578, 209, 373","532, 347, 273","6, 252, 20","55, 245, 267","140, 236, 46","12, 50, 290","331, 229, 128","73, 105, 151","292, 350, 236","41, 12, 243","373, 134, 220","424, 108, 197","47, 281, 221","555, 37, 145","443, 281, 66","644, 317, 66","273, 294, 222","567, 30, 174","260, 270, 72","31, 292, 170","488, 144, 329","265, 111, 97","362, 345, 287","27, 225, 295"
668,582,257,50,"100, 245, 150","481, 531, 218","250, 84, 250","16, 147, 179","349, 516, 85","208, 344, 177","637, 220, 54","493, 127, 6","199, 279, 139","537, 557, 211","645, 320, 130","154, 407, 42","220, 290, 82","143, 516, 107","145, 202, 160","332, 158, 255","225, 290, 203","193, 470, 49","106, 83, 71","350, 220, 239","416, 59, 229","1, 493, 104","367, 322, 210","483, 534, 122","543, 229, 147","450, 229, 153","41, 107, 226","539, 359, 169","615, 472, 9","155, 161, 207","570, 364, 28","553, 439, 82","318, 301, 94","11, 567, 79","181, 213, 21","232, 7, 62","466, 200, 76","558, 174, 45","59, 284, 133","200, 322, 243","192, 190, 242","578, 186, 62","397, 440, 110","561, 566, 128","542, 67, 227","201, 259, 36","487, 311, 50","387, 421, 117","576, 566, 128","600, 304, 173"
196,766,663,50,"97, 658, 334","165, 721, 43","44, 111, 480","4, 331, 23","114, 393, 615","102, 361, 396","141, 652, 555","108, 598, 550","105, 736, 458","69, 62, 346","93, 641, 304","117, 106, 371","71, 40, 300","138, 621, 151","140, 235, 355","27, 691, 364","154, 113, 369","50, 634, 457","62, 652, 186","69, 112, 145","74, 509, 447","65, 393, 571","117, 71, 358","5, 756, 607","163, 546, 369","166, 128, 549","52, 363, 18","24, 675, 541","115, 167, 621","110, 430, 394","38, 709, 570","14, 246, 152","111, 275, 334","108, 713, 468","39, 645, 549","191, 173, 597","51, 158, 368","80, 154, 208","60, 517, 363","35, 600, 316","99, 587, 76","90, 736, 227","42, 519, 52","88, 545, 18","43, 626, 267","43, 603, 585","194, 595, 622","38, 364, 60","140, 531, 352","35, 92, 619"
413,455,532,50,"52, 21, 228","111, 402, 156","361, 102, 73","135, 75, 219","97, 444, 47","357, 53, 292","1, 272, 180","296, 451, 256","297, 180, 476","319, 34, 147","333, 404, 477","35, 370, 185","266, 4, 425","36, 238, 396","343, 96, 360","262, 154, 152","351, 288, 287","2, 37, 180","126, 223, 491","332, 392, 522","22, 212, 173","355, 427, 341","264, 212, 243","297, 351, 44","355, 323, 261","176, 297, 521","323, 45, 142","270, 245, 141","82, 155, 338","8, 149, 269","226, 254, 30","291, 215, 89","194, 339, 133","118, 206, 87","208, 402, 85","106, 157, 324","411, 105, 122","155, 416, 75","189, 42, 266","301, 332, 170","10, 70, 398","141, 162, 99","339, 182, 2","326, 318, 87","357, 19, 108","124, 349, 143","322, 427, 220","345, 66, 232","368, 200, 245","107, 22, 179"
300,391,852,50,"236, 36, 709","94, 99, 475","283, 198, 384","35, 239, 521","120, 363, 369","101, 276, 56","76, 197, 98","82, 134, 155","228, 134, 477","187, 134, 281","251, 320, 405","81, 354, 249","111, 359, 618","188, 21, 424","126, 376, 583","271, 292, 116","193, 288, 259","118, 82, 358","132, 128, 137","296, 13, 155","257, 33, 109","76, 24, 111","288, 144, 185","288, 89, 74","267, 220, 397","295, 210, 584","205, 39, 745","156, 390, 323","139, 285, 220","71, 264, 631","4, 84, 651","19, 278, 164","265, 197, 106","213, 370, 294","297, 57, 200","300, 166, 125","89, 255, 293","92, 271, 642","129, 214, 684","47, 173, 480","87, 297, 231","137, 142, 400","57, 192, 836","17, 97, 556","8, 128, 215","45, 154, 563","12, 327, 455","162, 37, 794","97, 253, 368","113, 339, 484"
815,876,140,50,"166, 169, 132","15, 733, 129","54, 692, 24","180, 266, 42","771, 388, 15","804, 191, 104","556, 282, 40","138, 243, 78","91, 776, 138","476, 796, 80","652, 681, 62","77, 750, 66","521, 58, 84","624, 376, 59","295, 287, 56","465, 185, 70","466, 793, 6","112, 860, 105","64, 638, 86","115, 570, 80","764, 114, 63","280, 627, 81","805, 501, 139","190, 822, 118","615, 637, 14","430, 619, 78","530, 286, 118","479, 638, 81","147, 489, 35","465, 726, 45","123, 100, 68","357, 500, 55","609, 515, 92","89, 59, 19","478, 557, 51","328, 186, 11","456, 851, 57","685, 157, 80","710, 23, 96","207, 595, 29","796, 300, 103","764, 821, 127","145, 391, 117","15, 115, 134","467, 579, 75","735, 71, 1","787, 802, 6","660, 130, 11","676, 405, 106","407, 380, 109"
225,696,638,50,"98, 641, 133","200, 453, 615","40, 248, 501","108, 406, 117","182, 620, 228","10, 246, 216","146, 59, 140","27, 517, 193","218, 520, 352","42, 660, 215","211, 81, 330","149, 480, 108","116, 224, 229","70, 685, 384","198, 305, 55","91, 573, 336","72, 288, 102","135, 467, 54","161, 185, 28","67, 528, 53","48, 360, 29","176, 344, 481","84, 386, 499","207, 264, 298","124, 161, 91","3, 550, 112","113, 254, 163","147, 448, 38","166, 440, 601","206, 489, 542","117, 18, 96","62, 48, 555","32, 40, 327","44, 570, 80","49, 461, 14","62, 175, 528","34, 622, 213","213, 459, 172","151, 2, 230","188, 272, 284","25, 500, 184","168, 689, 299","123, 289, 254","17, 150, 310","206, 167, 457","95, 353, 362","144, 385, 221","208, 278, 86","19, 437, 385","90, 331, 130"
374,556,480,50,"335, 344, 391","178, 439, 314","342, 342, 447","369, 285, 337","58, 463, 133","159, 486, 447","353, 21, 229","217, 231, 394","54, 408, 98","332, 119, 8","181, 309, 117","87, 483, 163","25, 379, 270","331, 123, 427","9, 19, 150","104, 159, 341","97, 155, 249","5, 282, 259","365, 279, 385","97, 129, 47","274, 4, 70","296, 518, 24","341, 250, 128","195, 56, 331","370, 175, 465","266, 308, 100","125, 47, 112","174, 508, 133","267, 103, 69","276, 63, 121","122, 310, 60","351, 312, 141","46, 185, 293","90, 327, 167","266, 512, 252","299, 314, 293","318, 527, 445","132, 117, 225","261, 117, 338","164, 527, 46","138, 67, 428","124, 98, 456","189, 128, 105","37, 308, 132","347, 354, 56","242, 361, 456","357, 101, 177","217, 345, 81","298, 336, 23","51, 320, 134"
219,553,825,50,"192, 30, 374","82, 157, 735","141, 45, 652","218, 412, 704","147, 80, 239","195, 503, 683","31, 436, 624","77, 473, 420","207, 337, 6","97, 26, 596","111, 123, 761","155, 328, 412","143, 91, 402","26, 191, 729","106, 72, 80","183, 553, 389","217, 25, 670","16, 351, 417","206, 192, 82","186, 216, 168","50, 263, 333","128, 224, 401","115, 52, 240","165, 291, 414","2, 321, 291","34, 308, 746","10, 514, 757","82, 484, 295","84, 117, 525","86, 249, 701","196, 231, 210","107, 403, 74","24, 126, 260","93, 263, 294","18, 390, 766","193, 136, 526","186, 29, 670","37, 451, 247","78, 124, 707","40, 383, 387","116, 260, 729","132, 261, 18","93, 549, 81","144, 75, 505","77, 520, 648","65, 158, 322","7, 466, 541","73, 211, 212","45, 323, 540","208, 269, 712"
179,997,558,50,"107, 528, 18","24, 89, 532","27, 749, 152","166, 360, 75","3, 900, 7","178, 90, 200","63, 136, 39","49, 795, 249","91, 149, 516","152, 956, 27","138, 723, 235","107, 329, 293","100, 52, 35","60, 463, 121","21, 520, 179","71, 834, 153","13, 801, 120","27, 968, 1","18, 187, 136","70, 328, 84","40, 567, 492","173, 773, 293","67, 811, 257","101, 600, 143","31, 131, 76","18, 365, 177","38, 66, 459","19, 800, 483","144, 35, 382","148, 632, 484","122, 628, 475","158, 558, 97","153, 941, 450","127, 59, 216","109, 724, 407","21, 498, 555","137, 665, 447","65, 490, 424","110, 199, 500","10, 22, 403","139, 776, 428","80, 230, 227","51, 95, 503","77, 713, 87","151, 425, 356","161, 771, 499","44, 328, 317","144, 173, 176","45, 275, 521","60, 338, 194"
854,421,278,50,"399, 78, 86","645, 203, 54","58, 368, 156","4, 193, 162","279, 351, 7","258, 377, 12","459, 60, 192","27, 276, 128","282, 40, 122","447, 9, 159","260, 272, 16","391, 203, 258","210, 314, 45","782, 42, 207","428, 2, 86","131, 307, 275","42, 256, 278","516, 76, 12","365, 320, 153","125, 79, 203","841, 370, 36","109, 91, 82","499, 11, 227","619, 357, 59","256, 197, 95","109, 108, 134","138, 227, 116","343, 228, 1","389, 206, 265","82, 53, 99","557, 135, 147","468, 262, 177","590, 131, 198","546, 296, 11","830, 252, 52","481, 38, 226","678, 228, 66","274, 255, 96","169, 279, 68","72, 393, 241","821, 10, 102","443, 344, 43","469, 74, 120","567, 337, 102","646, 15, 14","449, 228, 41","45, 192, 173","824, 35, 38","312, 191, 153","37, 43, 15"
153,963,678,50,"115, 6, 493","55, 825, 392","68, 117, 243","65, 482, 202","98, 707, 374","137, 32, 42","42, 198, 51","24, 963, 434","83, 315, 596","38, 222, 75","107, 689, 482","16, 676, 52","10, 147, 489","34, 397, 420","22, 567, 579","37, 92, 296","62, 53, 107","129, 904, 376","128, 36, 465","3, 627, 315","132, 644, 37","24, 307, 628","42, 120, 283","110, 176, 270","10, 574, 630","20, 503, 510","21, 191, 557","122, 706, 343","46, 769, 252","80, 29, 169","112, 837, 340","137, 790, 282","101, 893, 205","144, 257, 339","34, 58, 122","86, 215, 542","129, 219, 493","125, 505, 32","147, 671, 626","153, 773, 16","123, 190, 249","52, 447, 91","57, 94, 214","117, 924, 385","136, 402, 407","110, 882, 634","41, 604, 221","2, 946, 240","151, 937, 208","2, 573, 368"
538,431,431,50,"68, 428, 1","233, 9, 84","342, 271, 339","356, 83, 7","488, 393, 205","475, 384, 290","28, 324, 231","176, 157, 136","127, 154, 138","482, 304, 302","115, 117, 207","54, 261, 136","514, 417, 204","461, 112, 158","120, 122, 101","4, 336, 395","172, 299, 234","333, 165, 234","389, 115, 282","108, 77, 193","309, 97, 60","377, 26, 89","78, 222, 142","202, 371, 400","303, 46, 43","281, 141, 360","405, 419, 28","90, 224, 94","421, 337, 94","371, 293, 241","229, 4, 96","35, 226, 305","371, 274, 337","36, 376, 126","177, 152, 52","375, 103, 47","252, 405, 314","109, 66, 225","60, 266, 118","442, 314, 336","281, 335, 41","94, 12, 181","109, 430, 222","391, 200, 209","112, 322, 373","534, 60, 291","437, 76, 97","295, 273, 136","97, 41, 290","111, 305, 93"
370,945,280,50,"336, 747, 185","101, 129, 41","224, 260, 90","358, 725, 268","293, 705, 195","100, 921, 186","148, 918, 131","236, 591, 271","342, 641, 65","173, 847, 10","126, 770, 199","310, 210, 106","159, 772, 130","123, 158, 278","153, 540, 261","267, 717, 65","190, 40, 198","229, 608, 81","156, 282, 191","335, 213, 128","28, 510, 82","148, 735, 41","199, 606, 145","253, 574, 37","354, 378, 39","122, 561, 210","89, 311, 214","32, 783, 174","101, 403, 264","116, 894, 168","67, 279, 178","18, 525, 37","244, 528, 102","233, 56, 146","231, 706, 257","216, 631, 279","181, 240, 122","313, 427, 152","171, 280, 267","122, 404, 211","284, 788, 62","203, 790, 149","141, 811, 41","28, 329, 175","116, 265, 56","151, 473, 24","184, 206, 183","108, 69, 269","99, 531, 197","275, 643, 116"
215,965,480,50,"112, 145, 57","214, 757, 32","169, 648, 274","117, 219, 315","20, 960, 387","37, 349, 60","62, 330, 324","98, 853, 145","42, 525, 81","46, 288, 423","19, 846, 432","18, 88, 426","116, 882, 56","20, 780, 158","168, 672, 177","198, 32, 333","128, 93, 139","27, 738, 358","95, 949, 34","213, 766, 103","48, 32, 194","113, 119, 178","122, 857, 122","28, 467, 227","31, 857, 80","158, 382, 201","110, 240, 424","128, 650, 445","206, 481, 397","118, 202, 301","104, 165, 183","170, 965, 221","11, 746, 197","87, 788, 350","124, 618, 328","82, 557, 41","125, 964, 291","113, 334, 325","170, 20, 111","152, 216, 346","12, 920, 262","211, 648, 310","133, 64, 212","69, 822, 408","32, 43, 294","56, 632, 309","160, 666, 399","194, 965, 425","214, 512, 427","138, 362, 193"
762,578,227,50,"45, 32, 226","679, 117, 148","18, 170, 71","617, 561, 206","691, 228, 114","372, 156, 225","176, 472, 86","566, 203, 224","757, 499, 116","713, 335, 39","28, 230, 212","743, 200, 126","321, 478, 63","103, 288, 65","328, 45, 2","335, 319, 58","208, 566, 109","300, 487, 100","289, 491, 35","252, 85, 51","620, 496, 72","149, 509, 60","213, 488, 51","12, 557, 200","667, 108, 225","302, 290, 33","228, 473, 19","123, 59, 183","104, 396, 18","321, 424, 7","482, 347, 28","611, 359, 87","128, 178, 84","581, 4, 15","153, 52, 50","443, 51, 178","273, 488, 77","697, 445, 177","288, 34, 84","192, 358, 44","731, 403, 173","53, 5, 26","597, 115, 193","445, 163, 149","338, 324, 184","419, 44, 1","37, 44, 162","683, 297, 25","319, 197, 64","342, 182, 185"
716,173,807,50,"587, 152, 88","265, 48, 615","601, 125, 459","79, 105, 225","361, 63, 569","70, 63, 244","427, 24, 569","496, 88, 311","251, 141, 386","317, 18, 169","446, 78, 366","566, 153, 651","401, 152, 431","412, 120, 325","699, 173, 442","496, 117, 801","325, 68, 574","617, 77, 705","657, 154, 739","191, 105, 532","196, 113, 117","542, 76, 146","344, 74, 665","507, 119, 304","55, 68, 516","301, 155, 448","687, 5, 222","517, 126, 561","239, 162, 438","105, 93, 607","275, 39, 390","518, 126, 318","30, 93, 42","90, 75, 86","40, 154, 449","197, 54, 703","578, 24, 15","274, 101, 34","126, 137, 186","504, 10, 350","653, 128, 661","169, 80, 478","500, 106, 30","588, 154, 750","177, 133, 554","104, 130, 787","377, 131, 122","526, 157, 207","321, 86, 428","646, 79, 181"
189,684,772,50,"109, 439, 103","122, 159, 87","52, 40, 12","182, 68, 16","117, 219, 533","162, 109, 517","42, 576, 316","94, 388, 220","47, 614, 580","11, 371, 44","31, 471, 351","166, 152, 8","84, 570, 515","120, 78, 164","37, 415, 695","136, 192, 276","38, 589, 151","14, 601, 233","139, 633, 268","123, 457, 176","86, 527, 660","108, 665, 440","102, 310, 157","58, 244, 494","151, 620, 160","82, 556, 575","172, 569, 770","76, 236, 705","170, 373, 607","116, 72, 54","32, 483, 597","24, 586, 427","95, 348, 772","164, 124, 520","162, 400, 35","160, 54, 131","2, 642, 282","158, 118, 584","65, 9, 708","53, 563, 230","62, 442, 250","100, 64, 647","181, 368, 326","130, 107, 575","176, 480, 165","41, 526, 591","51, 255, 63","171, 412, 745","183, 451, 199","147, 42, 53"
464,385,559,50,"230, 194, 334","383, 276, 441","377, 263, 516","374, 309, 539","95, 259, 488","391, 204, 125","308, 106, 546","314, 230, 168","17, 88, 502","45, 157, 15","150, 234, 549","133, 85, 538","188, 41, 164","204, 306, 122","283, 39, 402","433, 360, 368","394, 299, 175","133, 151, 384","373, 37, 319","81, 92, 423","433, 187, 523","143, 18, 339","329, 282, 449","136, 23, 43","202, 91, 224","276, 34, 485","366, 385, 255","448, 373, 552","52, 288, 30","398, 318, 473","395, 100, 510","15, 36, 314","17, 279, 262","408, 370, 316","84, 101, 464","412, 99, 523","132, 350, 415","426, 244, 234","8, 106, 77","167, 305, 380","412, 252, 330","227, 48, 297","386, 92, 214","207, 380, 53","457, 259, 297","354, 179, 323","386, 115, 505","214, 280, 145","129, 303, 54","199, 199, 515"
113,931,947,50,"64, 874, 439","54, 403, 59","76, 492, 146","60, 825, 125","78, 83, 60","3, 331, 387","50, 306, 683","49, 760, 695","32, 863, 87","66, 444, 713","100, 502, 510","87, 786, 217","78, 349, 149","73, 129, 94","24, 420, 261","33, 676, 335","76, 434, 583","78, 597, 627","33, 403, 663","19, 855, 28","51, 147, 27","72, 526, 707","78, 790, 193","75, 826, 290","83, 864, 707","31, 581, 675","61, 582, 644","22, 828, 813","103, 801, 388","96, 585, 618","54, 218, 692","84, 446, 201","38, 438, 441","1, 406, 393","96, 104, 549","92, 636, 148","97, 96, 227","69, 583, 685","8, 523, 750","76, 463, 501","43, 856, 65","68, 749, 736","41, 282, 828","99, 808, 550","53, 869, 236","111, 348, 670","5, 768, 312","23, 179, 216","51, 761, 941","113, 78, 207"
811,638,193,50,"590, 162, 88","617, 221, 97","536, 568, 144","159, 481, 119","10, 149, 49","612, 300, 157","736, 110, 31","293, 52, 21","54, 243, 103","159, 228, 149","307, 94, 156","457, 156, 62","760, 134, 189","147, 173, 48","673, 123, 34","442, 214, 108","685, 110, 28","186, 619, 121","390, 598, 80","638, 379, 18","244, 120, 55","430, 515, 48","390, 558, 142","10, 284, 15","442, 217, 187","119, 150, 146","123, 196, 161","421, 488, 13","387, 257, 127","102, 423, 120","74, 315, 88","196, 449, 97","580, 449, 77","513, 624, 130","630, 16, 112","199, 45, 57","35, 580, 95","295, 241, 166","516, 254, 107","383, 399, 176","720, 284, 112","528, 387, 100","171, 179, 192","297, 351, 75","85, 86, 170","749, 414, 49","104, 7, 54","77, 231, 123","97, 519, 60","244, 116, 105"
316,525,602,50,"140, 288, 513","32, 291, 219","302, 515, 264","248, 226, 419","119, 65, 391","244, 143, 341","258, 118, 298","299, 419, 333","164, 465, 322","1, 450, 180","299, 223, 542","33, 117, 516","183, 311, 527","57, 338, 380","136, 497, 2","79, 24, 3","250, 33, 184","52, 180, 50","51, 330, 533","70, 150, 105","196, 198, 332","185, 390, 140","256, 58, 327","213, 422, 414","288, 260, 482","285, 71, 398","44, 93, 517","176, 360, 38","45, 418, 333","191, 363, 310","211, 57, 554","300, 442, 566","135, 93, 499","19, 102, 396","137, 415, 29","281, 237, 302","241, 389, 440","232, 474, 426","83, 428, 538","163, 190, 534","222, 45, 388","220, 65, 60","263, 302, 490","97, 386, 150","267, 442, 445","28, 100, 298","152, 155, 336","147, 211, 598","86, 117, 381","214, 207, 187"
302,376,880,50,"32, 222, 579","220, 208, 749","153, 338, 794","301, 173, 374","294, 295, 172","121, 87, 754","127, 117, 159","129, 202, 674","202, 115, 608","155, 376, 368","100, 110, 613","248, 187, 305","216, 297, 496","50, 284, 591","138, 248, 398","204, 32, 76","45, 204, 519","231, 22, 170","263, 230, 90","24, 247, 620","23, 16, 794","195, 9, 618","138, 112, 835","117, 375, 43","29, 162, 96","284, 183, 56","149, 58, 461","4, 28, 620","24, 86, 373","165, 255, 57","191, 71, 496","144, 15, 834","156, 266, 697","191, 121, 26","211, 52, 635","32, 41, 406","199, 88, 457","9, 311, 372","187, 241, 286","261, 197, 250","161, 90, 543","111, 59, 369","211, 18, 699","69, 151, 754","237, 103, 242","178, 64, 69","276, 363, 370","115, 124, 202","6, 98, 84","166, 47, 16"
360,320,867,50,"20, 314, 657","125, 277, 358","317, 190, 308","133, 103, 242","31, 179, 160","95, 249, 260","97, 73, 709","336, 30, 51","104, 62, 661","64, 134, 676","73, 56, 261","298, 142, 650","149, 290, 587","56, 180, 501","283, 263, 685","19, 153, 595","11, 235, 304","142, 2, 20","222, 275, 772","281, 190, 275","326, 200, 727","113, 40, 846","322, 68, 386","308, 94, 519","26, 264, 522","230, 304, 70","292, 159, 823","223, 161, 850","360, 58, 351","183, 108, 576","157, 243, 83","31, 254, 228","76, 39, 376","4, 266, 596","163, 102, 130","3, 34, 452","67, 53, 30","321, 140, 845","160, 163, 121","63, 241, 848","1, 226, 325","108, 29, 761","39, 171, 696","13, 305, 65","64, 162, 201","249, 69, 618","149, 253, 851","113, 205, 585","228, 31, 858","124, 68, 466"
153,746,873,50,"78, 184, 248","91, 479, 554","39, 233, 737","120, 443, 27","56, 557, 559","18, 371, 578","128, 172, 142","34, 16, 867","141, 173, 850","148, 50, 388","55, 260, 325","123, 393, 504","50, 358, 32","141, 609, 66","6, 522, 420","73, 309, 135","61, 283, 298","136, 361, 97","86, 312, 762","44, 29, 36","6, 269, 93","62, 627, 416","6, 683, 57","8, 657, 720","47, 676, 552","133, 178, 599","121, 325, 223","96, 70, 448","106, 546, 799","19, 708, 339","127, 232, 368","58, 654, 9","117, 493, 250","100, 589, 85","109, 346, 550","94, 626, 473","62, 498, 271","71, 593, 199","30, 732, 2","104, 312, 329","153, 72, 644","125, 283, 649","81, 417, 7","21, 327, 577","152, 445, 92","65, 505, 829","24, 372, 573","62, 623, 614","26, 438, 501","105, 484, 689"
303,953,346,50,"100, 587, 168","230, 493, 117","190, 276, 66","289, 819, 164","215, 649, 315","49, 67, 207","175, 237, 291","278, 619, 183","118, 79, 122","239, 599, 315","262, 178, 56","240, 917, 169","163, 399, 60","94, 734, 307","137, 50, 36","157, 267, 69","292, 200, 99","92, 836, 302","84, 934, 323","178, 871, 308","93, 739, 117","240, 375, 42","3, 403, 292","89, 805, 35","4, 704, 223","239, 245, 285","11, 582, 292","3, 167, 306","284, 358, 304","98, 792, 122","179, 814, 162","189, 597, 35","111, 854, 236","38, 647, 97","173, 342, 260","81, 303, 331","122, 548, 91","225, 945, 21","250, 329, 288","200, 30, 338","264, 814, 75","117, 922, 169","120, 652, 106","47, 424, 165","146, 930, 145","42, 165, 225","178, 727, 18","268, 6, 128","161, 939, 233","132, 124, 62"
710,707,199,50,"707, 162, 93","562, 669, 111","63, 178, 147","604, 275, 44","341, 20, 47","532, 108, 121","693, 568, 77","605, 526, 136","172, 222, 195","531, 453, 29","29, 287, 80","562, 241, 117","477, 107, 71","589, 234, 177","385, 406, 19","545, 89, 9","23, 373, 170","96, 676, 89","244, 657, 35","370, 121, 111","9, 703, 110","428, 5, 5","147, 227, 1","405, 235, 125","49, 165, 181","268, 274, 152","671, 526, 180","28, 704, 174","626, 72, 52","519, 144, 65","621, 610, 56","410, 399, 74","142, 110, 1","179, 40, 167","502, 76, 189","513, 504, 128","368, 307, 138","299, 547, 175","593, 280, 99","584, 578, 159","205, 311, 170","243, 595, 148","319, 359, 54","373, 55, 178","562, 253, 180","626, 566, 92","326, 178, 194","504, 539, 89","369, 439, 97","390, 507, 15"
152,924,710,50,"97, 363, 621","42, 783, 554","62, 622, 144","55, 843, 64","97, 891, 604","123, 768, 540","83, 903, 2","84, 663, 474","33, 16, 472","35, 692, 385","58, 728, 589","60, 718, 14","94, 750, 630","107, 7, 592","113, 370, 95","10, 33, 150","45, 698, 120","117, 644, 486","117, 363, 170","6, 238, 651","92, 370, 274","67, 769, 653","72, 807, 477","105, 669, 189","91, 447, 633","92, 42, 72","123, 319, 161","125, 327, 70","6, 536, 647","122, 219, 455","51, 686, 530","3, 759, 698","65, 299, 512","81, 491, 404","44, 616, 255","92, 504, 202","31, 912, 149","81, 675, 209","39, 617, 421","1, 886, 667","120, 545, 190","12, 29, 117","9, 869, 248","62, 193, 346","78, 121, 533","115, 735, 429","74, 686, 115","10, 562, 518","67, 757, 5","10, 924, 86"
195,793,646,50,"86, 229, 61","14, 407, 617","140, 247, 128","5, 445, 291","191, 191, 156","72, 675, 118","164, 243, 455","190, 482, 401","190, 226, 280","190, 20, 327","183, 48, 528","46, 328, 607","195, 785, 410","71, 620, 168","173, 484, 452","39, 775, 94","89, 64, 295","40, 532, 111","132, 147, 626","138, 351, 543","144, 164, 371","67, 773, 410","90, 374, 523","97, 441, 119","45, 223, 444","55, 623, 591","156, 691, 84","84, 495, 122","45, 732, 381","9, 16, 327","89, 456, 127","151, 206, 266","8, 479, 366","113, 90, 448","89, 137, 263","108, 283, 45","185, 412, 230","60, 506, 541","47, 398, 42","189, 162, 155","98, 470, 216","120, 131, 227","107, 710, 295","121, 139, 576","188, 605, 248","4, 598, 59","184, 510, 285","30, 157, 183","35, 793, 496","76, 552, 223"
249,795,504,50,"22, 299, 310","213, 296, 176","159, 350, 400","224, 75, 206","211, 721, 259","7, 621, 244","149, 598, 9","48, 401, 307","188, 304, 210","120, 42, 42","220, 110, 4","194, 411, 435","245, 380, 486","241, 418, 500","184, 93, 369","66, 522, 385","28, 545, 306","47, 191, 138","93, 651, 235","179, 379, 199","36, 488, 180","12, 516, 400","137, 111, 148","229, 158, 103","196, 334, 403","78, 116, 255","183, 207, 472","230, 536, 2","73, 365, 284","44, 29, 197","135, 794, 167","67, 142, 27","24, 146, 150","110, 702, 370","58, 631, 436","229, 700, 150","14, 702, 398","91, 221, 337","188, 713, 123","175, 229, 299","82, 129, 254","185, 337, 434","188, 563, 6","158, 116, 409","158, 484, 7","116, 405, 191","104, 265, 287","149, 370, 321","118, 570, 270","162, 709, 330"
219,527,866,50,"78, 193, 662","33, 357, 323","155, 482, 317","173, 427, 601","109, 287, 775","96, 291, 93","171, 19, 653","208, 374, 404","106, 191, 127","56, 144, 759","145, 236, 44","146, 145, 639","146, 70, 138","162, 489, 84","205, 8, 438","29, 128, 321","79, 259, 188","178, 276, 209","61, 228, 540","127, 27, 413","45, 73, 23","211, 66, 470","165, 392, 631","113, 185, 445","119, 187, 103","114, 449, 839","142, 186, 204","27, 428, 806","34, 439, 185","30, 230, 115","135, 188, 340","125, 61, 738","122, 27, 495","144, 83, 1","100, 310, 206","170, 286, 745","114, 266, 198","114, 136, 507","54, 351, 429","69, 134, 596","161, 25, 266","117, 364, 448","16, 402, 573","131, 47, 565","60, 7, 93","83, 512, 68","104, 202, 622","159, 349, 234","48, 215, 761","174, 6, 516"
228,549,797,50,"155, 363, 262","151, 449, 329","186, 459, 541","15, 339, 83","164, 118, 673","63, 149, 143","215, 5, 690","225, 116, 396","171, 171, 26","72, 273, 654","215, 244, 340","46, 180, 609","15, 491, 697","203, 258, 368","110, 219, 740","74, 468, 752","178, 446, 339","64, 272, 544","131, 139, 628","191, 224, 739","24, 59, 573","2, 245, 487","68, 489, 493","85, 285, 730","86, 349, 344","75, 434, 377","201, 104, 564","71, 267, 479","93, 76, 631","18, 436, 488","165, 490, 708","175, 108, 783","76, 34, 391","24, 89, 151","95, 514, 747","79, 83, 475","36, 409, 543","219, 400, 533","117, 268, 327","202, 348, 129","12, 392, 370","82, 91, 274","36, 43, 583","42, 70, 456","190, 167, 177","22, 318, 784","15, 425, 49","208, 120, 329","210, 155, 350","186, 417, 193"
262,756,504,50,"204, 95, 376","159, 482, 192","239, 101, 355","94, 185, 471","224, 648, 126","145, 462, 57","259, 158, 197","240, 415, 168","177, 615, 380","115, 573, 273","136, 176, 81","146, 708, 244","29, 537, 447","87, 62, 265","55, 401, 45","241, 335, 36","217, 458, 197","136, 335, 433","104, 292, 306","91, 46, 168","217, 424, 413","100, 466, 482","100, 95, 63","251, 51, 279","183, 655, 114","69, 364, 484","85, 222, 18","7, 672, 333","136, 211, 259","62, 515, 171","27, 213, 38","28, 78, 100","4, 556, 129","210, 442, 154","235, 727, 268","44, 420, 202","202, 510, 214","229, 491, 58","120, 568, 186","141, 740, 226","248, 633, 423","237, 136, 453","173, 233, 377","88, 351, 190","93, 691, 86","138, 631, 451","37, 608, 47","38, 35, 41","40, 9, 335","41, 262, 390"
347,874,329,50,"61, 135, 59","79, 29, 307","283, 272, 251","71, 67, 228","163, 10, 290","22, 315, 167","34, 770, 328","149, 193, 74","56, 613, 112","300, 487, 155","18, 48, 58","288, 818, 260","115, 124, 21","18, 516, 65","280, 601, 268","42, 495, 122","285, 287, 288","310, 352, 261","188, 448, 170","153, 122, 91","267, 788, 50","227, 196, 259","171, 784, 179","346, 246, 202","264, 832, 29","155, 854, 77","141, 444, 73","148, 846, 294","99, 739, 25","131, 113, 2","59, 159, 6","183, 581, 311","102, 782, 112","13, 77, 278","200, 252, 269","341, 776, 114","339, 207, 66","252, 247, 273","128, 871, 181","40, 376, 133","306, 741, 309","168, 175, 142","46, 48, 285","144, 855, 111","290, 151, 157","143, 157, 102","1, 69, 8","76, 106, 159","38, 872, 1","262, 705, 54"
198,740,682,50,"192, 333, 529","185, 693, 644","196, 589, 39","164, 38, 457","171, 451, 262","20, 387, 135","163, 229, 175","71, 492, 419","9, 228, 555","196, 417, 6","106, 22, 586","140, 340, 654","11, 150, 274","114, 448, 552","133, 694, 30","90, 386, 446","43, 713, 569","164, 92, 116","49, 718, 251","44, 331, 264","22, 696, 563","34, 289, 593","152, 530, 138","40, 168, 580","6, 465, 554","104, 563, 51","134, 561, 72","198, 233, 540","112, 446, 287","182, 254, 118","190, 648, 634","154, 140, 570","108, 79, 264","100, 468, 102","51, 179, 140","95, 649, 520","78, 484, 458","52, 253, 372","166, 633, 125","123, 708, 510","124, 152, 6","7, 331, 395","4, 93, 370","27, 214, 559","196, 189, 70","20, 351, 603","62, 102, 253","127, 220, 629","129, 312, 139","104, 123, 172"
787,316,402,50,"172, 289, 19","269, 261, 257","65, 120, 184","575, 79, 237","514, 73, 72","228, 30, 19","474, 12, 63","600, 57, 217","776, 101, 88","138, 202, 289","229, 239, 175","297, 188, 268","750, 83, 292","215, 182, 320","73, 87, 345","747, 284, 125","253, 169, 136","650, 144, 66","538, 106, 234","294, 139, 126","445, 254, 210","434, 56, 225","316, 216, 154","775, 122, 196","497, 3, 299","684, 36, 45","763, 39, 311","524, 35, 95","556, 142, 20","291, 40, 18","174, 307, 287","135, 169, 69","527, 299, 4","725, 112, 195","362, 99, 252","430, 135, 206","554, 220, 235","294, 247, 326","580, 298, 197","580, 42, 377","540, 161, 400","647, 260, 113","115, 256, 229","116, 299, 400","124, 77, 286","592, 251, 22","707, 76, 34","413, 14, 264","107, 34, 332","150, 145, 394"
164,657,928,50,"110, 313, 928","81, 94, 671","149, 80, 638","142, 182, 516","53, 34, 367","46, 394, 253","45, 118, 816","68, 512, 542","141, 4, 440","110, 129, 174","162, 383, 266","72, 144, 765","25, 495, 758","8, 146, 731","7, 371, 701","7, 55, 378","85, 11, 715","74, 275, 239","74, 644, 194","105, 51, 207","84, 202, 817","19, 610, 98","13, 123, 700","66, 450, 719","2, 614, 868","155, 345, 217","13, 138, 117","14, 102, 510","123, 277, 49","161, 139, 880","63, 411, 442","142, 313, 547","90, 128, 552","99, 11, 226","30, 349, 829","56, 531, 673","139, 220, 66","24, 546, 104","105, 184, 558","37, 251, 172","89, 580, 758","12, 237, 5","78, 444, 126","58, 513, 481","152, 372, 262","164, 424, 235","76, 255, 505","36, 487, 246","33, 142, 841","34, 327, 415"
483,985,210,50,"51, 570, 191","413, 354, 58","466, 874, 161","308, 417, 90","12, 981, 119","292, 57, 193","433, 843, 55","392, 108, 15","6, 688, 149","315, 647, 78","254, 225, 18","44, 319, 17","433, 932, 90","214, 42, 79","114, 609, 114","100, 534, 113","456, 334, 119","432, 605, 87","370, 312, 183","464, 288, 9","271, 758, 101","24, 325, 138","388, 9, 193","92, 252, 157","284, 244, 105","424, 127, 35","225, 833, 72","189, 289, 78","335, 877, 13","135, 707, 181","383, 401, 72","221, 759, 190","232, 378, 204","221, 259, 49","373, 729, 79","390, 438, 140","297, 912, 64","105, 299, 156","446, 796, 13","17, 548, 143","147, 912, 15","478, 375, 192","385, 938, 153","42, 838, 107","4, 800, 35","407, 529, 135","404, 684, 174","40, 925, 174","33, 469, 27","245, 156, 153"
293,967,352,50,"133, 882, 32","58, 740, 82","152, 118, 287","2, 370, 86","273, 909, 77","277, 886, 104","72, 527, 88","202, 619, 113","11, 188, 351","151, 317, 287","48, 592, 343","40, 813, 282","162, 652, 141","214, 729, 263","180, 255, 338","259, 730, 223","223, 799, 164","3, 831, 234","2, 802, 46","191, 698, 253","3, 909, 222","180, 652, 90","164, 35, 247","163, 734, 49","260, 958, 37","271, 609, 305","146, 246, 101","222, 68, 148","234, 918, 267","290, 835, 217","189, 301, 246","168, 331, 299","290, 76, 338","242, 6, 242","263, 596, 267","142, 314, 164","95, 475, 59","68, 794, 122","30, 319, 73","259, 318, 164","191, 98, 214","72, 56, 207","285, 406, 21","202, 929, 37","56, 167, 77","50, 513, 249","258, 918, 340","33, 71, 197","62, 171, 149","83, 787, 171"
868,584,197,50,"117, 26, 128","115, 65, 116","624, 1, 44","104, 482, 187","390, 156, 183","252, 465, 128","40, 378, 82","837, 490, 25","552, 474, 101","330, 224, 19","315, 238, 150","724, 227, 102","505, 337, 108","553, 243, 155","514, 69, 180","603, 60, 46","849, 55, 105","435, 304, 189","533, 522, 31","316, 174, 77","190, 127, 141","544, 455, 111","107, 69, 34","772, 562, 93","800, 449, 54","811, 212, 65","279, 326, 55","458, 85, 194","758, 239, 66","122, 114, 144","165, 234, 162","249, 562, 70","257, 131, 17","750, 319, 170","373, 362, 113","144, 29, 27","451, 468, 162","826, 295, 37","811, 102, 46","181, 584, 97","212, 56, 188","37, 79, 43","209, 192, 90","599, 43, 13","169, 348, 181","263, 272, 177","156, 405, 190","302, 84, 62","137, 367, 149","53, 468, 18"
174,814,705,50,"25, 325, 404","12, 210, 251","8, 618, 337","125, 61, 609","154, 814, 694","138, 739, 659","93, 481, 309","43, 30, 504","115, 253, 150","157, 291, 488","169, 611, 560","35, 340, 40","101, 365, 18","150, 792, 352","7, 16, 119","89, 809, 242","82, 564, 36","129, 143, 433","41, 472, 557","56, 149, 97","123, 312, 538","153, 788, 328","147, 349, 321","88, 713, 410","174, 209, 481","138, 717, 384","131, 696, 323","65, 27, 137","174, 500, 654","25, 89, 437","34, 291, 623","99, 19, 146","88, 391, 559","85, 627, 326","167, 687, 340","57, 540, 497","77, 273, 170","26, 651, 45","131, 794, 515","141, 191, 345","161, 515, 449","64, 549, 54","106, 211, 18","53, 620, 595","86, 436, 206","94, 178, 10","42, 446, 58","48, 500, 674","44, 604, 206","138, 186, 211"
360,776,357,50,"284, 567, 54","279, 485, 91","100, 314, 25","164, 123, 328","328, 373, 74","54, 371, 354","195, 313, 41","292, 25, 35","46, 413, 182","21, 476, 325","240, 120, 200","263, 453, 169","199, 662, 230","131, 323, 166","36, 707, 35","318, 710, 115","101, 306, 241","107, 345, 331","288, 651, 221","341, 119, 26","126, 17, 267","32, 158, 319","300, 107, 57","295, 341, 314","17, 53, 270","300, 400, 229","56, 384, 48","305, 693, 3","111, 63, 61","160, 254, 49","342, 135, 209","103, 561, 321","336, 414, 353","37, 376, 242","11, 103, 122","219, 408, 217","127, 89, 139","64, 581, 261","344, 631, 254","341, 775, 117","148, 403, 205","244, 626, 91","345, 346, 90","237, 23, 320","286, 140, 59","329, 115, 151","178, 191, 254","140, 365, 201","219, 294, 281","146, 145, 340"
240,882,471,50,"5, 477, 443","109, 566, 420","77, 264, 51","116, 282, 185","158, 132, 232","154, 337, 52","173, 97, 321","143, 316, 389","30, 719, 134","228, 471, 67","227, 742, 228","223, 637, 320","115, 283, 246","40, 572, 219","36, 43, 53","169, 81, 231","78, 347, 313","112, 296, 377","198, 611, 373","70, 523, 99","148, 45, 156","179, 173, 83","39, 381, 319","5, 74, 290","131, 256, 148","130, 55, 251","226, 575, 170","181, 99, 339","90, 755, 413","171, 609, 310","199, 747, 395","7, 18, 100","66, 271, 440","46, 792, 434","77, 517, 437","41, 204, 181","202, 783, 195","212, 706, 365","31, 5, 399","22, 403, 355","10, 412, 385","231, 232, 103","168, 322, 34","177, 564, 328","206, 204, 163","148, 877, 342","116, 74, 463","233, 397, 186","214, 576, 340","180, 50, 402"
786,199,639,50,"397, 49, 286","688, 164, 429","582, 131, 437","342, 122, 80","297, 2, 581","755, 122, 360","196, 7, 115","301, 113, 85","371, 120, 180","531, 22, 425","756, 22, 505","278, 41, 185","550, 87, 266","386, 49, 102","199, 161, 135","525, 164, 635","229, 198, 515","48, 61, 88","459, 70, 346","708, 5, 603","62, 5, 362","300, 37, 96","397, 22, 528","690, 38, 609","317, 91, 279","676, 44, 81","443, 179, 293","79, 149, 367","673, 58, 82","231, 14, 208","76, 40, 29","234, 91, 90","580, 62, 214","717, 81, 326","583, 2, 80","351, 65, 49","19, 66, 16","735, 119, 117","114, 183, 480","352, 164, 42","212, 14, 634","503, 53, 45","676, 1, 123","589, 126, 26","145, 140, 50","523, 2, 379","384, 95, 482","760, 152, 99","281, 3, 232","615, 30, 93"
331,401,753,50,"116, 67, 78","130, 33, 367","244, 48, 56","175, 400, 521","49, 393, 529","105, 31, 224","90, 50, 649","210, 298, 131","46, 351, 84","85, 304, 610","33, 314, 633","290, 171, 284","103, 219, 72","246, 198, 509","224, 84, 689","46, 91, 122","150, 233, 218","259, 1, 642","315, 3, 438","273, 152, 731","92, 374, 584","252, 366, 320","124, 369, 76","36, 84, 466","261, 50, 285","292, 102, 371","87, 111, 561","7, 184, 195","55, 139, 264","105, 309, 672","110, 22, 628","305, 156, 268","243, 322, 59","137, 234, 31","147, 9, 10","98, 14, 580","144, 392, 602","6, 391, 11","77, 252, 96","47, 289, 752","164, 209, 377","195, 164, 485","283, 297, 519","165, 120, 553","263, 178, 489","22, 291, 177","73, 239, 483","24, 80, 215","6, 106, 257","291, 95, 180"
604,263,629,50,"211, 97, 145","234, 102, 135","190, 150, 445","123, 261, 620","548, 134, 344","122, 179, 200","116, 25, 136","462, 255, 140","384, 83, 165","345, 222, 567","141, 206, 308","330, 28, 406","163, 245, 18","410, 191, 627","478, 153, 401","93, 222, 481","123, 166, 230","407, 235, 594","146, 233, 430","27, 151, 122","164, 39, 292","17, 206, 139","277, 1, 167","464, 4, 214","470, 134, 338","79, 143, 585","137, 57, 6","27, 109, 274","65, 6, 155","160, 91, 567","369, 87, 465","160, 67, 222","288, 2, 410","452, 195, 595","128, 191, 569","548, 231, 476","63, 220, 221","493, 212, 475","162, 122, 58","107, 61, 77","235, 53, 180","511, 27, 37","491, 181, 440","466, 236, 84","37, 17, 289","42, 59, 420","98, 12, 50","79, 79, 451","95, 84, 240","84, 148, 197"
242,420,981,50,"184, 328, 198","239, 75, 916","158, 253, 139","94, 26, 664","122, 138, 345","38, 180, 32","113, 203, 631","27, 150, 509","43, 336, 521","134, 367, 648","66, 142, 547","205, 122, 474","115, 385, 834","17, 390, 861","178, 250, 656","222, 23, 427","107, 191, 962","90, 237, 973","163, 7, 810","179, 27, 852","211, 129, 490","218, 316, 516","174, 187, 200","59, 165, 165","4, 59, 417","135, 341, 783","154, 224, 723","82, 373, 620","146, 304, 2","1, 166, 172","118, 417, 80","186, 104, 216","136, 317, 480","161, 379, 874","174, 415, 594","145, 85, 500","114, 49, 610","69, 329, 875","79, 92, 303","121, 242, 330","172, 274, 587","150, 134, 150","107, 360, 319","5, 370, 907","164, 140, 584","183, 362, 883","146, 35, 626","47, 41, 431","34, 409, 575","47, 187, 800"
345,879,329,50,"64, 789, 128","89, 626, 32","136, 221, 167","218, 593, 124","263, 780, 324","334, 843, 162","273, 333, 235","257, 779, 129","71, 646, 190","273, 770, 1","265, 847, 90","84, 9, 154","341, 447, 44","2, 697, 119","201, 79, 158","184, 719, 143","256, 104, 233","332, 213, 87","38, 864, 204","234, 518, 324","217, 5, 57","8, 648, 85","337, 252, 122","275, 374, 297","309, 300, 308","158, 75, 75","328, 412, 116","92, 224, 306","236, 245, 257","27, 795, 175","181, 345, 36","231, 3, 65","82, 334, 158","162, 752, 97","324, 578, 310","101, 358, 62","133, 230, 116","288, 661, 317","218, 502, 74","178, 480, 38","98, 414, 323","84, 750, 31","320, 567, 30","238, 243, 209","40, 247, 322","106, 735, 167","121, 239, 287","325, 822, 133","62, 225, 98","155, 28, 168"
156,784,817,50,"154, 206, 704","17, 335, 385","75, 395, 311","99, 117, 481","45, 172, 543","104, 627, 422","138, 130, 194","141, 593, 663","45, 597, 642","112, 513, 794","95, 605, 729","136, 217, 463","5, 730, 795","96, 592, 266","71, 43, 6","151, 757, 299","85, 776, 230","120, 131, 210","15, 168, 127","105, 254, 54","61, 732, 412","111, 127, 76","88, 330, 556","108, 224, 83","8, 216, 37","151, 306, 114","146, 321, 269","143, 312, 288","95, 523, 622","38, 442, 158","116, 134, 772","6, 414, 187","38, 709, 36","7, 470, 114","84, 97, 444","21, 168, 364","95, 304, 718","98, 692, 486","81, 518, 120","41, 739, 647","33, 723, 783","12, 47, 132","43, 113, 268","9, 6, 132","125, 281, 725","143, 444, 130","43, 6, 18","114, 749, 274","13, 391, 781","93, 377, 728"
527,470,403,50,"316, 40, 283","168, 244, 4","107, 30, 207","61, 448, 41","336, 387, 193","150, 95, 184","405, 384, 360","201, 306, 387","273, 372, 297","153, 401, 285","362, 185, 255","46, 20, 362","198, 405, 223","75, 105, 316","417, 243, 182","163, 126, 310","501, 381, 31","223, 238, 116","353, 386, 221","375, 412, 322","58, 192, 31","258, 408, 318","450, 175, 60","107, 337, 207","222, 388, 181","381, 410, 39","57, 454, 51","62, 310, 167","135, 128, 360","414, 371, 285","263, 318, 56","352, 274, 199","157, 367, 212","526, 57, 283","28, 159, 118","240, 460, 303","302, 85, 303","334, 406, 217","108, 415, 275","378, 423, 254","460, 225, 86","186, 96, 289","169, 372, 150","246, 434, 343","133, 354, 160","202, 138, 92","116, 329, 336","519, 355, 369","172, 449, 28","213, 67, 28"
286,849,411,50,"93, 498, 219","161, 290, 185","267, 314, 279","129, 179, 89","16, 198, 301","251, 780, 349","75, 250, 110","257, 778, 373","170, 284, 311","121, 593, 55","100, 669, 178","184, 98, 50","244, 599, 114","122, 164, 369","201, 517, 22","250, 298, 335","26, 725, 179","262, 682, 13","208, 829, 177","132, 18, 67","170, 4, 228","121, 628, 323","78, 582, 188","178, 612, 158","195, 300, 13","164, 665, 4","269, 216, 362","164, 210, 17","67, 649, 282","181, 103, 106","42, 406, 93","7, 569, 114","28, 460, 146","66, 526, 220","207, 385, 17","151, 678, 383","205, 123, 229","81, 324, 83","66, 214, 71","57, 27, 197","95, 329, 39","154, 596, 26","98, 461, 67","145, 320, 313","106, 412, 364","280, 769, 53","240, 406, 265","184, 14, 94","9, 634, 31","99, 781, 225"
400,266,938,50,"307, 135, 823","181, 127, 826","155, 97, 804","218, 25, 258","57, 186, 643","21, 197, 701","38, 19, 938","154, 159, 748","64, 32, 407","171, 46, 127","348, 106, 932","56, 14, 196","399, 123, 654","205, 250, 559","282, 54, 196","45, 54, 683","228, 76, 527","292, 145, 250","325, 75, 160","331, 255, 255","80, 110, 840","299, 7, 136","77, 147, 644","127, 248, 374","72, 93, 378","57, 72, 756","113, 112, 713","279, 129, 667","146, 51, 331","214, 98, 141","28, 201, 895","378, 252, 84","336, 35, 605","273, 116, 732","100, 184, 43","78, 59, 714","373, 232, 83","167, 175, 849","275, 132, 171","139, 12, 289","107, 11, 525","39, 173, 297","173, 155, 327","373, 180, 313","133, 38, 871","123, 125, 297","5, 169, 271","47, 182, 455","223, 124, 176","265, 88, 306"
127,889,882,50,"63, 171, 604","39, 187, 568","74, 427, 451","106, 112, 785","11, 832, 611","76, 349, 316","88, 444, 262","42, 148, 39","72, 438, 151","42, 157, 525","34, 889, 745","73, 617, 186","96, 682, 455","105, 231, 813","126, 886, 192","41, 456, 459","10, 508, 261","52, 806, 573","114, 748, 422","57, 492, 808","24, 163, 590","72, 9, 777","97, 60, 97","102, 579, 108","95, 413, 490","36, 228, 599","114, 136, 586","98, 474, 70","92, 302, 652","30, 131, 280","53, 16, 390","97, 312, 700","27, 12, 390","45, 195, 217","47, 832, 199","127, 785, 494","127, 51, 166","78, 190, 471","69, 274, 136","48, 114, 530","125, 252, 734","4, 510, 291","76, 768, 328","16, 455, 30","35, 175, 244","34, 309, 360","26, 121, 239","119, 393, 104","114, 684, 622","44, 117, 522"
720,218,637,50,"320, 165, 68","526, 194, 504","241, 82, 634","216, 89, 296","720, 85, 306","494, 36, 8","482, 78, 301","638, 121, 97","91, 39, 207","151, 90, 375","668, 56, 235","548, 165, 282","673, 120, 105","713, 94, 42","307, 71, 485","720, 123, 628","713, 30, 245","282, 174, 405","122, 30, 475","714, 159, 604","156, 131, 354","322, 175, 492","683, 58, 321","644, 189, 525","487, 197, 2","406, 21, 240","380, 212, 299","93, 133, 28","177, 37, 565","459, 17, 59","148, 149, 543","248, 81, 179","340, 36, 242","641, 12, 208","372, 83, 149","679, 12, 396","624, 159, 74","177, 27, 562","329, 73, 381","662, 197, 45","51, 81, 386","557, 209, 399","630, 158, 574","318, 138, 68","669, 106, 292","667, 11, 322","471, 117, 341","689, 185, 373","39, 143, 37","645, 210, 43"
302,482,686,50,"248, 146, 91","273, 13, 385","94, 289, 155","32, 396, 603","290, 115, 537","119, 81, 552","262, 60, 370","26, 204, 561","120, 319, 684","62, 85, 321","291, 9, 204","217, 253, 300","132, 294, 612","291, 481, 619","43, 334, 266","223, 282, 483","157, 372, 640","59, 175, 372","143, 144, 496","37, 418, 679","289, 120, 616","286, 238, 393","208, 382, 90","111, 103, 204","273, 292, 333","95, 439, 632","34, 412, 575","163, 58, 443","146, 93, 77","229, 323, 531","89, 248, 465","240, 92, 613","294, 132, 252","86, 18, 104","83, 246, 467","226, 90, 597","205, 42, 301","291, 430, 129","29, 302, 549","229, 337, 293","233, 114, 129","277, 86, 273","59, 473, 27","294, 121, 328","79, 425, 435","35, 110, 505","96, 187, 367","60, 180, 586","285, 157, 131","167, 108, 169"